sampleName	originalIndex	Cell.Type..Samples	MajorType	JustPyra	GabaDeep	PyramidalDeep	Neurotransmitter1	ShinyNames	ShinySubtypes	CellType	forContanim	Normalize2.0	Normalize	MainName	Description	Region	Anatomical.Region	Age	AgeExact	Method	RNA.isolation.method	RNA.amplification.and.labeling.method	Platform	Reference	PMID	SharePermit	Notes	MouseStrain	ReporterGene
GSM337817	1	H_lva_cortex:v2_GSM337817,v2_GSM337818,v2_GSM337819	NA	NA	NA	NA	NA	NA	NA	NA	Pyramidal	TRUE	TRUE	NA	Pyramidal Neurons	Cortex	Layer 5A Cortex	46-80	Adult	TRAP	RNeasy Micro Kit	T7 IVT	GPL1261	Doyle et al., 2008	19013282	TRUE	Astrocyte contamination		
GSM337818	1	H_lva_cortex:v2_GSM337817,v2_GSM337818,v2_GSM337819	NA	NA	NA	NA	NA	NA	NA	NA	Pyramidal	TRUE	TRUE	NA	Pyramidal Neurons	Cortex	Layer 5A Cortex	46-80	Adult	TRAP	RNeasy Micro Kit	T7 IVT	GPL1261	Doyle et al., 2008	19013282	TRUE	Astrocyte contamination		
GSM337819	1	H_lva_cortex:v2_GSM337817,v2_GSM337818,v2_GSM337819	NA	NA	NA	NA	NA	NA	NA	NA	Pyramidal	TRUE	TRUE	NA	Pyramidal Neurons	Cortex	Layer 5A Cortex	46-80	Adult	TRAP	RNeasy Micro Kit	T7 IVT	GPL1261	Doyle et al., 2008	19013282	TRUE	Astrocyte contamination		
GSM337821	2	H_lvb_cortex:v2_GSM337821,v2_GSM337822,v2_GSM337823	NA	NA	NA	NA	NA	NA	NA	NA	Pyramidal	TRUE	TRUE	NA	Pyramidal Neurons	Cortex	Layer 5B Cortex	46-80	Adult	TRAP	RNeasy Micro Kit	T7 IVT	GPL1261	Doyle et al., 2008	19013282	TRUE	Astrocyte contamination		
GSM337822	2	H_lvb_cortex:v2_GSM337821,v2_GSM337822,v2_GSM337823	NA	NA	NA	NA	NA	NA	NA	NA	Pyramidal	TRUE	TRUE	NA	Pyramidal Neurons	Cortex	Layer 5B Cortex	46-80	Adult	TRAP	RNeasy Micro Kit	T7 IVT	GPL1261	Doyle et al., 2008	19013282	TRUE	Astrocyte contamination		
GSM337823	2	H_lvb_cortex:v2_GSM337821,v2_GSM337822,v2_GSM337823	NA	NA	NA	NA	NA	NA	NA	NA	Pyramidal	TRUE	TRUE	NA	Pyramidal Neurons	Cortex	Layer 5B Cortex	46-80	Adult	TRAP	RNeasy Micro Kit	T7 IVT	GPL1261	Doyle et al., 2008	19013282	TRUE	Astrocyte contamination		
GSM337837	3	H_l6_cortex:v2_GSM337837,v2_GSM337838,v2_GSM337839	NA	NA	NA	NA	NA	NA	NA	NA	Pyramidal	TRUE	TRUE	NA	Pyramidal Neurons	Cortex	Layer 6 Cortex	46-80	Adult	TRAP	RNeasy Micro Kit	T7 IVT	GPL1261	Doyle et al., 2008	19013282	TRUE	Astrocyte contamination		
GSM337838	3	H_l6_cortex:v2_GSM337837,v2_GSM337838,v2_GSM337839	NA	NA	NA	NA	NA	NA	NA	NA	Pyramidal	TRUE	TRUE	NA	Pyramidal Neurons	Cortex	Layer 6 Cortex	46-80	Adult	TRAP	RNeasy Micro Kit	T7 IVT	GPL1261	Doyle et al., 2008	19013282	TRUE	Astrocyte contamination		
GSM337839	3	H_l6_cortex:v2_GSM337837,v2_GSM337838,v2_GSM337839	NA	NA	NA	NA	NA	NA	NA	NA	Pyramidal	TRUE	TRUE	NA	Pyramidal Neurons	Cortex	Layer 6 Cortex	46-80	Adult	TRAP	RNeasy Micro Kit	T7 IVT	GPL1261	Doyle et al., 2008	19013282	TRUE	Astrocyte contamination		
GSM337773	4	H_mn_brainstem:v2_GSM337773,v2_GSM337774,v2_GSM337775	Neuron	NA	MotorCholin	MotorCholin	Cholinergic	MotorCholin	NA	MotorCholin	MotorCholin	TRUE	TRUE	MotorCholinStem	Motor Neurons, Midbrain Cholinergic Neurons	Brainstem	Brainstem	46-80	Adult	TRAP	RNeasy Micro Kit	T7 IVT	GPL1261	Doyle et al., 2008	19013282	TRUE	NA		
GSM337774	4	H_mn_brainstem:v2_GSM337773,v2_GSM337774,v2_GSM337775	Neuron	NA	MotorCholin	MotorCholin	Cholinergic	MotorCholin	NA	MotorCholin	MotorCholin	TRUE	TRUE	MotorCholinStem	Motor Neurons, Midbrain Cholinergic Neurons	Brainstem	Brainstem	46-80	Adult	TRAP	RNeasy Micro Kit	T7 IVT	GPL1261	Doyle et al., 2008	19013282	TRUE	NA		
GSM337775	4	H_mn_brainstem:v2_GSM337773,v2_GSM337774,v2_GSM337775	Neuron	NA	MotorCholin	MotorCholin	Cholinergic	MotorCholin	NA	MotorCholin	MotorCholin	TRUE	TRUE	MotorCholinStem	Motor Neurons, Midbrain Cholinergic Neurons	Brainstem	Brainstem	46-80	Adult	TRAP	RNeasy Micro Kit	T7 IVT	GPL1261	Doyle et al., 2008	19013282	TRUE	NA		
GSM337779	5	H_chol_basal_fb:v2_GSM337779,v2_GSM337780,v2_GSM337781	Neuron	NA	Cholin	Cholin	Cholinergic	Cholinergic	NA	Cholin	Cholin	TRUE	TRUE	CholinForebrain	Cholinergic Projection Neurons	Forebrain	Basal Forebrain	46-80	Adult	TRAP	RNeasy Micro Kit	T7 IVT	GPL1261	Doyle et al., 2008	19013282	TRUE	NA		
GSM337780	5	H_chol_basal_fb:v2_GSM337779,v2_GSM337780,v2_GSM337781	Neuron	NA	Cholin	Cholin	Cholinergic	Cholinergic	NA	Cholin	Cholin	TRUE	TRUE	CholinForebrain	Cholinergic Projection Neurons	Forebrain	Basal Forebrain	46-80	Adult	TRAP	RNeasy Micro Kit	T7 IVT	GPL1261	Doyle et al., 2008	19013282	TRUE	NA		
GSM337781	5	H_chol_basal_fb:v2_GSM337779,v2_GSM337780,v2_GSM337781	Neuron	NA	Cholin	Cholin	Cholinergic	Cholinergic	NA	Cholin	Cholin	TRUE	TRUE	CholinForebrain	Cholinergic Projection Neurons	Forebrain	Basal Forebrain	46-80	Adult	TRAP	RNeasy Micro Kit	T7 IVT	GPL1261	Doyle et al., 2008	19013282	TRUE	NA		
GSM337785	6	H_chol_spinal:v2_GSM337785,v2_GSM337786,v2_GSM337787	Neuron	NA	MotorCholin	MotorCholin	Cholinergic	MotorCholin	NA	MotorCholin	MotorCholin	TRUE	TRUE	MotorCholinSpinal	Motor Neurons, Cholinergic Interneurons	SpinalCord	Spinal Cord	46-80	Adult	TRAP	RNeasy Micro Kit	T7 IVT	GPL1261	Doyle et al., 2008	19013282	TRUE	NA		
GSM337786	6	H_chol_spinal:v2_GSM337785,v2_GSM337786,v2_GSM337787	Neuron	NA	MotorCholin	MotorCholin	Cholinergic	MotorCholin	NA	MotorCholin	MotorCholin	TRUE	TRUE	MotorCholinSpinal	Motor Neurons, Cholinergic Interneurons	SpinalCord	Spinal Cord	46-80	Adult	TRAP	RNeasy Micro Kit	T7 IVT	GPL1261	Doyle et al., 2008	19013282	TRUE	NA		
GSM337787	6	H_chol_spinal:v2_GSM337785,v2_GSM337786,v2_GSM337787	Neuron	NA	MotorCholin	MotorCholin	Cholinergic	MotorCholin	NA	MotorCholin	MotorCholin	TRUE	TRUE	MotorCholinSpinal	Motor Neurons, Cholinergic Interneurons	SpinalCord	Spinal Cord	46-80	Adult	TRAP	RNeasy Micro Kit	T7 IVT	GPL1261	Doyle et al., 2008	19013282	TRUE	NA		
GSM337791	7	H_chol_corp_striatum:v2_GSM337791,v2_GSM337792,v2_GSM337793	Neuron	NA	Cholin	Cholin	Cholinergic	Cholinergic	NA	Cholin	Cholin	TRUE	TRUE	CholinStr	Cholinergic Neurons	Striatum	Corpus Striatum	46-80	Adult	TRAP	RNeasy Micro Kit	T7 IVT	GPL1261	Doyle et al., 2008	19013282	TRUE	NA		
GSM337792	7	H_chol_corp_striatum:v2_GSM337791,v2_GSM337792,v2_GSM337793	Neuron	NA	Cholin	Cholin	Cholinergic	Cholinergic	NA	Cholin	Cholin	TRUE	TRUE	CholinStr	Cholinergic Neurons	Striatum	Corpus Striatum	46-80	Adult	TRAP	RNeasy Micro Kit	T7 IVT	GPL1261	Doyle et al., 2008	19013282	TRUE	NA		
GSM337793	7	H_chol_corp_striatum:v2_GSM337791,v2_GSM337792,v2_GSM337793	Neuron	NA	Cholin	Cholin	Cholinergic	Cholinergic	NA	Cholin	Cholin	TRUE	TRUE	CholinStr	Cholinergic Neurons	Striatum	Corpus Striatum	46-80	Adult	TRAP	RNeasy Micro Kit	T7 IVT	GPL1261	Doyle et al., 2008	19013282	TRUE	NA		
GSM337804	8	H_cort+_cortex:v2_GSM337804,v2_GSM337805,v2_GSM337806	Neuron	NA	NA	NA	NA	NA	NA	NA	NA	TRUE	TRUE	Inter	Interneurons	Cortex	Cortex	46-80	Adult	TRAP	RNeasy Micro Kit	T7 IVT	GPL1261	Doyle et al., 2008	19013282	TRUE	NA		
GSM337805	8	H_cort+_cortex:v2_GSM337804,v2_GSM337805,v2_GSM337806	Neuron	NA	NA	NA	NA	NA	NA	NA	NA	TRUE	TRUE	Inter	Interneurons	Cortex	Cortex	46-80	Adult	TRAP	RNeasy Micro Kit	T7 IVT	GPL1261	Doyle et al., 2008	19013282	TRUE	NA		
GSM337806	8	H_cort+_cortex:v2_GSM337804,v2_GSM337805,v2_GSM337806	Neuron	NA	NA	NA	NA	NA	NA	NA	NA	TRUE	TRUE	Inter	Interneurons	Cortex	Cortex	46-80	Adult	TRAP	RNeasy Micro Kit	T7 IVT	GPL1261	Doyle et al., 2008	19013282	TRUE	NA		
GSM337807	9	H_drd1+_msn_striatum:v2_GSM337807,v2_GSM337808,v2_GSM337809	Neuron	NA	Spiny	Spiny	Gabaergic	Spiny	NA	Spiny	Spiny	TRUE	TRUE	SpinyDrd1	Drd1+ Medium Spiny Neurons	Striatum	Striatum	46-80	Adult	TRAP	RNeasy Micro Kit	T7 IVT	GPL1261	Doyle et al., 2008	19013282	TRUE	NA		
GSM337808	9	H_drd1+_msn_striatum:v2_GSM337807,v2_GSM337808,v2_GSM337809	Neuron	NA	Spiny	Spiny	Gabaergic	Spiny	NA	Spiny	Spiny	TRUE	TRUE	SpinyDrd1	Drd1+ Medium Spiny Neurons	Striatum	Striatum	46-80	Adult	TRAP	RNeasy Micro Kit	T7 IVT	GPL1261	Doyle et al., 2008	19013282	TRUE	NA		
GSM337809	9	H_drd1+_msn_striatum:v2_GSM337807,v2_GSM337808,v2_GSM337809	Neuron	NA	Spiny	Spiny	Gabaergic	Spiny	NA	Spiny	Spiny	TRUE	TRUE	SpinyDrd1	Drd1+ Medium Spiny Neurons	Striatum	Striatum	46-80	Adult	TRAP	RNeasy Micro Kit	T7 IVT	GPL1261	Doyle et al., 2008	19013282	TRUE	NA		
GSM337812	10	H_drd2+_msn_striatum:v2_GSM337812,v2_GSM337813,v2_GSM337814	Neuron	NA	Spiny	Spiny	Gabaergic	Spiny	NA	Spiny	Spiny	TRUE	TRUE	SpinyDrd2	Drd2+ Medium Spiny Neurons	Striatum	Striatum	46-80	Adult	TRAP	RNeasy Micro Kit	T7 IVT	GPL1261	Doyle et al., 2008	19013282	TRUE	NA		
GSM337813	10	H_drd2+_msn_striatum:v2_GSM337812,v2_GSM337813,v2_GSM337814	Neuron	NA	Spiny	Spiny	Gabaergic	Spiny	NA	Spiny	Spiny	TRUE	TRUE	SpinyDrd2	Drd2+ Medium Spiny Neurons	Striatum	Striatum	46-80	Adult	TRAP	RNeasy Micro Kit	T7 IVT	GPL1261	Doyle et al., 2008	19013282	TRUE	NA		
GSM337814	10	H_drd2+_msn_striatum:v2_GSM337812,v2_GSM337813,v2_GSM337814	Neuron	NA	Spiny	Spiny	Gabaergic	Spiny	NA	Spiny	Spiny	TRUE	TRUE	SpinyDrd2	Drd2+ Medium Spiny Neurons	Striatum	Striatum	46-80	Adult	TRAP	RNeasy Micro Kit	T7 IVT	GPL1261	Doyle et al., 2008	19013282	TRUE	NA		
GSM337825	11	H_golgi_cerebellum:v2_GSM337825,v2_GSM337826,v2_GSM337827	Neuron	NA	Golgi	Golgi	Gabaergic	Golgi	NA	Golgi	Golgi	TRUE	TRUE	Golgi	Golgi Cells	Cerebellum	Cerebellum	46-80	Adult	TRAP	RNeasy Micro Kit	T7 IVT	GPL1261	Doyle et al., 2008	19013282	TRUE	NA		
GSM337826	11	H_golgi_cerebellum:v2_GSM337825,v2_GSM337826,v2_GSM337827	Neuron	NA	Golgi	Golgi	Gabaergic	Golgi	NA	Golgi	Golgi	TRUE	TRUE	Golgi	Golgi Cells	Cerebellum	Cerebellum	46-80	Adult	TRAP	RNeasy Micro Kit	T7 IVT	GPL1261	Doyle et al., 2008	19013282	TRUE	NA		
GSM337827	11	H_golgi_cerebellum:v2_GSM337825,v2_GSM337826,v2_GSM337827	Neuron	NA	Golgi	Golgi	Gabaergic	Golgi	NA	Golgi	Golgi	TRUE	TRUE	Golgi	Golgi Cells	Cerebellum	Cerebellum	46-80	Adult	TRAP	RNeasy Micro Kit	T7 IVT	GPL1261	Doyle et al., 2008	19013282	TRUE	NA		
GSM337831	12	H_stell_basket_cerebellum:v2_GSM337831,v2_GSM337832,v2_GSM337833	Neuron	NA	Basket	Basket	Gabaergic	Basket	NA	Basket	Basket	TRUE	TRUE	Basket	Stellate Basket Cells	Cerebellum	Cerebellum	46-80	Adult	TRAP	RNeasy Micro Kit	T7 IVT	GPL1261	Doyle et al., 2008	19013282	TRUE	NA		
GSM337832	12	H_stell_basket_cerebellum:v2_GSM337831,v2_GSM337832,v2_GSM337833	Neuron	NA	Basket	Basket	Gabaergic	Basket	NA	Basket	Basket	TRUE	TRUE	Basket	Stellate Basket Cells	Cerebellum	Cerebellum	46-80	Adult	TRAP	RNeasy Micro Kit	T7 IVT	GPL1261	Doyle et al., 2008	19013282	TRUE	NA		
GSM337833	12	H_stell_basket_cerebellum:v2_GSM337831,v2_GSM337832,v2_GSM337833	Neuron	NA	Basket	Basket	Gabaergic	Basket	NA	Basket	Basket	TRUE	TRUE	Basket	Stellate Basket Cells	Cerebellum	Cerebellum	46-80	Adult	TRAP	RNeasy Micro Kit	T7 IVT	GPL1261	Doyle et al., 2008	19013282	TRUE	NA		
GSM337834	13	H_granule_cerebellum:v2_GSM337834,v2_GSM337835,v2_GSM337836	Neuron	NA	CerebGranule	CerebGranule	Glutamatergic	CerebGranule	NA	CerebGranule	CerebGranule	TRUE	TRUE	GranuleCereb	Granule Cells	Cerebellum	Cerebellum	46-80	Adult	TRAP	RNeasy Micro Kit	T7 IVT	GPL1261	Doyle et al., 2008	19013282	TRUE	NA		
GSM337835	13	H_granule_cerebellum:v2_GSM337834,v2_GSM337835,v2_GSM337836	Neuron	NA	CerebGranule	CerebGranule	Glutamatergic	CerebGranule	NA	CerebGranule	CerebGranule	TRUE	TRUE	GranuleCereb	Granule Cells	Cerebellum	Cerebellum	46-80	Adult	TRAP	RNeasy Micro Kit	T7 IVT	GPL1261	Doyle et al., 2008	19013282	TRUE	NA		
GSM337836	13	H_granule_cerebellum:v2_GSM337834,v2_GSM337835,v2_GSM337836	Neuron	NA	CerebGranule	CerebGranule	Glutamatergic	CerebGranule	NA	CerebGranule	CerebGranule	TRUE	TRUE	GranuleCereb	Granule Cells	Cerebellum	Cerebellum	46-80	Adult	TRAP	RNeasy Micro Kit	T7 IVT	GPL1261	Doyle et al., 2008	19013282	TRUE	NA		
GSM337796	14	H_molig_cerebellum:v2_GSM337796,v2_GSM337797,v2_GSM337798	Glia	NA	Oligo	Oligo	Oligodendrocyte	Oligodendrocyte	NA	Oligo	Oligo	TRUE	TRUE	OligoMature	Mature Oligodendrocytes	Cerebellum	Cerebellum	46-80	Adult	TRAP	RNeasy Micro Kit	T7 IVT	GPL1261	Doyle et al., 2008	19013282	TRUE	NA		
GSM337797	14	H_molig_cerebellum:v2_GSM337796,v2_GSM337797,v2_GSM337798	Glia	NA	Oligo	Oligo	Oligodendrocyte	Oligodendrocyte	NA	Oligo	Oligo	TRUE	TRUE	OligoMature	Mature Oligodendrocytes	Cerebellum	Cerebellum	46-80	Adult	TRAP	RNeasy Micro Kit	T7 IVT	GPL1261	Doyle et al., 2008	19013282	TRUE	NA		
GSM337798	14	H_molig_cerebellum:v2_GSM337796,v2_GSM337797,v2_GSM337798	Glia	NA	Oligo	Oligo	Oligodendrocyte	Oligodendrocyte	NA	Oligo	Oligo	TRUE	TRUE	OligoMature	Mature Oligodendrocytes	Cerebellum	Cerebellum	46-80	Adult	TRAP	RNeasy Micro Kit	T7 IVT	GPL1261	Doyle et al., 2008	19013282	TRUE	NA		
GSM337800	15	H_molig_cortex:v2_GSM337800,v2_GSM337801,v2_GSM337802	Glia	NA	Oligo	Oligo	Oligodendrocyte	Oligodendrocyte	NA	Oligo	Oligo	TRUE	TRUE	OligoMature	Mature Oligodendrocytes	Cortex,Cerebrum	Cortex	46-80	Adult	TRAP	RNeasy Micro Kit	T7 IVT	GPL1261	Doyle et al., 2008	19013282	TRUE	NA		
GSM337801	15	H_molig_cortex:v2_GSM337800,v2_GSM337801,v2_GSM337802	Glia	NA	Oligo	Oligo	Oligodendrocyte	Oligodendrocyte	NA	Oligo	Oligo	TRUE	TRUE	OligoMature	Mature Oligodendrocytes	Cortex,Cerebrum	Cortex	46-80	Adult	TRAP	RNeasy Micro Kit	T7 IVT	GPL1261	Doyle et al., 2008	19013282	TRUE	NA		
GSM337802	15	H_molig_cortex:v2_GSM337800,v2_GSM337801,v2_GSM337802	Glia	NA	Oligo	Oligo	Oligodendrocyte	Oligodendrocyte	NA	Oligo	Oligo	TRUE	TRUE	OligoMature	Mature Oligodendrocytes	Cortex,Cerebrum	Cortex	46-80	Adult	TRAP	RNeasy Micro Kit	T7 IVT	GPL1261	Doyle et al., 2008	19013282	TRUE	NA		
GSM337841	16	H_mixed_olig_cerebellum:v2_GSM337841,v2_GSM337842,v2_GSM337843	Glia	NA	Oligo	Oligo	Oligodendrocyte	Oligodendrocyte	NA	Oligo	Oligo	TRUE	TRUE	OligMix	Mixed Oligodendrocytes	Cerebellum	Cerebellum	46-80	Adult	TRAP	RNeasy Micro Kit	T7 IVT	GPL1261	Doyle et al., 2008	19013282	TRUE	NA		
GSM337842	16	H_mixed_olig_cerebellum:v2_GSM337841,v2_GSM337842,v2_GSM337843	Glia	NA	Oligo	Oligo	Oligodendrocyte	Oligodendrocyte	NA	Oligo	Oligo	TRUE	TRUE	OligMix	Mixed Oligodendrocytes	Cerebellum	Cerebellum	46-80	Adult	TRAP	RNeasy Micro Kit	T7 IVT	GPL1261	Doyle et al., 2008	19013282	TRUE	NA		
GSM337843	16	H_mixed_olig_cerebellum:v2_GSM337841,v2_GSM337842,v2_GSM337843	Glia	NA	Oligo	Oligo	Oligodendrocyte	Oligodendrocyte	NA	Oligo	Oligo	TRUE	TRUE	OligMix	Mixed Oligodendrocytes	Cerebellum	Cerebellum	46-80	Adult	TRAP	RNeasy Micro Kit	T7 IVT	GPL1261	Doyle et al., 2008	19013282	TRUE	NA		
GSM337844	17	H_mixed_olig_cortex:v2_GSM337844,v2_GSM337845,v2_GSM337846	Glia	NA	Oligo	Oligo	Oligodendrocyte	Oligodendrocyte	NA	Oligo	Oligo	TRUE	TRUE	OligMix	Mixed Oligodendrocytes	Cortex,Cerebrum	Cortex	46-80	Adult	TRAP	RNeasy Micro Kit	T7 IVT	GPL1261	Doyle et al., 2008	19013282	TRUE	NA		
GSM337845	17	H_mixed_olig_cortex:v2_GSM337844,v2_GSM337845,v2_GSM337846	Glia	NA	Oligo	Oligo	Oligodendrocyte	Oligodendrocyte	NA	Oligo	Oligo	TRUE	TRUE	OligMix	Mixed Oligodendrocytes	Cortex,Cerebrum	Cortex	46-80	Adult	TRAP	RNeasy Micro Kit	T7 IVT	GPL1261	Doyle et al., 2008	19013282	TRUE	NA		
GSM337846	17	H_mixed_olig_cortex:v2_GSM337844,v2_GSM337845,v2_GSM337846	Glia	NA	Oligo	Oligo	Oligodendrocyte	Oligodendrocyte	NA	Oligo	Oligo	TRUE	TRUE	OligMix	Mixed Oligodendrocytes	Cortex,Cerebrum	Cortex	46-80	Adult	TRAP	RNeasy Micro Kit	T7 IVT	GPL1261	Doyle et al., 2008	19013282	TRUE	NA		
GSM337848	18	H_purkinje_cerebellum:v2_GSM337848,v2_GSM337849,v2_GSM337850,v2_GSM337851,v2_GSM337852,v2_GSM337853	Neuron	NA	Purkinje	Purkinje	Gabaergic	Purkinje	NA	Purkinje	Purkinje	TRUE	TRUE	Purkinje	Purkinje Cells	Cerebellum	Cerebellum	46-80	Adult	TRAP	RNeasy Micro Kit	T7 IVT	GPL1261	Doyle et al., 2008	19013282	TRUE	NA		
GSM337849	18	H_purkinje_cerebellum:v2_GSM337848,v2_GSM337849,v2_GSM337850,v2_GSM337851,v2_GSM337852,v2_GSM337853	Neuron	NA	Purkinje	Purkinje	Gabaergic	Purkinje	NA	Purkinje	Purkinje	TRUE	TRUE	Purkinje	Purkinje Cells	Cerebellum	Cerebellum	46-80	Adult	TRAP	RNeasy Micro Kit	T7 IVT	GPL1261	Doyle et al., 2008	19013282	TRUE	NA		
GSM337850	18	H_purkinje_cerebellum:v2_GSM337848,v2_GSM337849,v2_GSM337850,v2_GSM337851,v2_GSM337852,v2_GSM337853	Neuron	NA	Purkinje	Purkinje	Gabaergic	Purkinje	NA	Purkinje	Purkinje	TRUE	TRUE	Purkinje	Purkinje Cells	Cerebellum	Cerebellum	46-80	Adult	TRAP	RNeasy Micro Kit	T7 IVT	GPL1261	Doyle et al., 2008	19013282	TRUE	NA		
GSM337851	18	H_purkinje_cerebellum:v2_GSM337848,v2_GSM337849,v2_GSM337850,v2_GSM337851,v2_GSM337852,v2_GSM337853	Neuron	NA	Purkinje	Purkinje	Gabaergic	Purkinje	NA	Purkinje	Purkinje	TRUE	TRUE	Purkinje	Purkinje Cells	Cerebellum	Cerebellum	46-80	Adult	TRAP	RNeasy Micro Kit	T7 IVT	GPL1261	Doyle et al., 2008	19013282	TRUE	NA		
GSM337852	18	H_purkinje_cerebellum:v2_GSM337848,v2_GSM337849,v2_GSM337850,v2_GSM337851,v2_GSM337852,v2_GSM337853	Neuron	NA	Purkinje	Purkinje	Gabaergic	Purkinje	NA	Purkinje	Purkinje	TRUE	TRUE	Purkinje	Purkinje Cells	Cerebellum	Cerebellum	46-80	Adult	TRAP	RNeasy Micro Kit	T7 IVT	GPL1261	Doyle et al., 2008	19013282	TRUE	NA		
GSM337853	18	H_purkinje_cerebellum:v2_GSM337848,v2_GSM337849,v2_GSM337850,v2_GSM337851,v2_GSM337852,v2_GSM337853	Neuron	NA	Purkinje	Purkinje	Gabaergic	Purkinje	NA	Purkinje	Purkinje	TRUE	TRUE	Purkinje	Purkinje Cells	Cerebellum	Cerebellum	46-80	Adult	TRAP	RNeasy Micro Kit	T7 IVT	GPL1261	Doyle et al., 2008	19013282	TRUE	NA		
GSM337861	19	H_bergmann_cerebellum:v2_GSM337861,v2_GSM337862,v2_GSM337863	Glia	NA	Bergmann	Bergmann	Bergmann	Bergmann	NA	Bergmann	Astrocyte	TRUE	TRUE	Bergmann	Bergman Glia	Cerebellum	Cerebellum	46-80	Adult	TRAP	RNeasy Micro Kit	T7 IVT	GPL1261	Doyle et al., 2008	19013282	TRUE	NA		
GSM337862	19	H_bergmann_cerebellum:v2_GSM337861,v2_GSM337862,v2_GSM337863	Glia	NA	Bergmann	Bergmann	Bergmann	Bergmann	NA	Bergmann	Astrocyte	TRUE	TRUE	Bergmann	Bergman Glia	Cerebellum	Cerebellum	46-80	Adult	TRAP	RNeasy Micro Kit	T7 IVT	GPL1261	Doyle et al., 2008	19013282	TRUE	NA		
GSM337863	19	H_bergmann_cerebellum:v2_GSM337861,v2_GSM337862,v2_GSM337863	Glia	NA	Bergmann	Bergmann	Bergmann	Bergmann	NA	Bergmann	Astrocyte	TRUE	TRUE	Bergmann	Bergman Glia	Cerebellum	Cerebellum	46-80	Adult	TRAP	RNeasy Micro Kit	T7 IVT	GPL1261	Doyle et al., 2008	19013282	TRUE	NA		
GSM241912	20	B_astrosP17:v2_GSM241912,v2_GSM241914,v2_GSM241926	Glia	NA	Astrocyte	Astrocyte	Astrocyte	Astrocyte	NA	Astrocyte	Astrocyte	TRUE	TRUE	Astrocyte	Astrocytes	Cortex,Cerebrum	Cortex	14-35	17	PAN/FACS	RNeasy Micro Kit	T7 IVT	GPL1261	Cahoy et al., 2008	18171944	TRUE	NA		
GSM241914	20	B_astrosP17:v2_GSM241912,v2_GSM241914,v2_GSM241926	Glia	NA	Astrocyte	Astrocyte	Astrocyte	Astrocyte	NA	Astrocyte	Astrocyte	TRUE	TRUE	Astrocyte	Astrocytes	Cortex,Cerebrum	Cortex	14-35	17	PAN/FACS	RNeasy Micro Kit	T7 IVT	GPL1261	Cahoy et al., 2008	18171944	TRUE	NA		
GSM241926	20	B_astrosP17:v2_GSM241912,v2_GSM241914,v2_GSM241926	Glia	NA	Astrocyte	Astrocyte	Astrocyte	Astrocyte	NA	Astrocyte	Astrocyte	TRUE	TRUE	Astrocyte	Astrocytes	Cortex,Cerebrum	Cortex	14-35	17	PAN/FACS	RNeasy Micro Kit	T7 IVT	GPL1261	Cahoy et al., 2008	18171944	TRUE	NA		
GSM241915	21	B_astrosP17g:v2_GSM241915,v2_GSM241925	Glia	NA	Astrocyte	Astrocyte	Astrocyte	Astrocyte	NA	Astrocyte	Astrocyte	TRUE	TRUE	Astrocyte	Astrocytes	Cortex,Cerebrum	Cortex	14-35	17	PAN/FACS	RNeasy Micro Kit	T7 IVT	GPL1261	Cahoy et al., 2008	18171944	TRUE	NA		
GSM241925	21	B_astrosP17g:v2_GSM241915,v2_GSM241925	Glia	NA	Astrocyte	Astrocyte	Astrocyte	Astrocyte	NA	Astrocyte	Astrocyte	TRUE	TRUE	Astrocyte	Astrocytes	Cortex,Cerebrum	Cortex	14-35	17	PAN/FACS	RNeasy Micro Kit	T7 IVT	GPL1261	Cahoy et al., 2008	18171944	TRUE	NA		
GSM241890	22	B_myelinOLs:v2_GSM241890,v2_GSM241893,v2_GSM241894,v2_GSM241918	Glia	NA	Oligo	Oligo	Oligodendrocyte	Oligodendrocyte	NA	Oligo	Oligo	TRUE	TRUE	OligoMature	Mature Oligodendrocytes	Cortex,Cerebrum	Cortex	14-35	17	PAN	RNeasy Micro Kit	T7 IVT	GPL1261	Cahoy et al., 2008	18171944	TRUE	NA		
GSM241893	22	B_myelinOLs:v2_GSM241890,v2_GSM241893,v2_GSM241894,v2_GSM241918	Glia	NA	Oligo	Oligo	Oligodendrocyte	Oligodendrocyte	NA	Oligo	Oligo	TRUE	TRUE	OligoMature	Mature Oligodendrocytes	Cortex,Cerebrum	Cortex	14-35	17	PAN	RNeasy Micro Kit	T7 IVT	GPL1261	Cahoy et al., 2008	18171944	TRUE	NA		
GSM241894	22	B_myelinOLs:v2_GSM241890,v2_GSM241893,v2_GSM241894,v2_GSM241918	Glia	NA	Oligo	Oligo	Oligodendrocyte	Oligodendrocyte	NA	Oligo	Oligo	TRUE	TRUE	OligoMature	Mature Oligodendrocytes	Cortex,Cerebrum	Cortex	14-35	17	PAN	RNeasy Micro Kit	T7 IVT	GPL1261	Cahoy et al., 2008	18171944	TRUE	NA		
GSM241918	22	B_myelinOLs:v2_GSM241890,v2_GSM241893,v2_GSM241894,v2_GSM241918	Glia	NA	Oligo	Oligo	Oligodendrocyte	Oligodendrocyte	NA	Oligo	Oligo	TRUE	TRUE	OligoMature	Mature Oligodendrocytes	Cortex,Cerebrum	Cortex	14-35	17	PAN	RNeasy Micro Kit	T7 IVT	GPL1261	Cahoy et al., 2008	18171944	TRUE	NA		
GSM444355	23	S_g42_p15:v2_H34P13,v2_rhwj1,v2_rhwj2: GSM444355, GSM444356, GSM444357	Neuron	NA	GabaPV	GabaPV	Gabaergic	FS Basket (G42)	NA	GabaPV	Gabaergic	TRUE	TRUE	GabaPV	GABAergic Interneurons, PV+, P13-P15	Cortex	Somatosensory Cortex	14-35	15	Manual	Pico Pure RNA isolation kit	T7 IVT	GPL1261	Okaty et al., 2009	19474331	TRUE	NA	G42	Gad1
GSM444356	23	S_g42_p15:v2_H34P13,v2_rhwj1,v2_rhwj2: GSM444355, GSM444356, GSM444357	Neuron	NA	GabaPV	GabaPV	Gabaergic	FS Basket (G42)	NA	GabaPV	Gabaergic	TRUE	TRUE	GabaPV	GABAergic Interneurons, PV+, P13-P15	Cortex	Somatosensory Cortex	14-35	15	Manual	Pico Pure RNA isolation kit	T7 IVT	GPL1261	Okaty et al., 2009	19474331	TRUE	NA	G42	Gad1
GSM444357	23	S_g42_p15:v2_H34P13,v2_rhwj1,v2_rhwj2: GSM444355, GSM444356, GSM444357	Neuron	NA	GabaPV	GabaPV	Gabaergic	FS Basket (G42)	NA	GabaPV	Gabaergic	TRUE	TRUE	GabaPV	GABAergic Interneurons, PV+, P13-P15	Cortex	Somatosensory Cortex	14-35	15	Manual	Pico Pure RNA isolation kit	T7 IVT	GPL1261	Okaty et al., 2009	19474331	TRUE	NA	G42	Gad1
GSM444358	24	S_g42_p25:v2_H48P25,v2_H53P25,v2_H55P25 : GSM444358, GSM444359, GSM444360	Neuron	NA	GabaPV	GabaPV	Gabaergic	FS Basket (G42)	NA	GabaPV	Gabaergic	TRUE	TRUE	GabaPV	GABAergic Interneurons, PV+, P25	Cortex	Somatosensory Cortex	14-35	25	Manual	Pico Pure RNA isolation kit	T7 IVT	GPL1261	Okaty et al., 2009	19474331	TRUE	NA	G42	Gad1
GSM444359	24	S_g42_p25:v2_H48P25,v2_H53P25,v2_H55P25 : GSM444358, GSM444359, GSM444360	Neuron	NA	GabaPV	GabaPV	Gabaergic	FS Basket (G42)	NA	GabaPV	Gabaergic	TRUE	TRUE	GabaPV	GABAergic Interneurons, PV+, P25	Cortex	Somatosensory Cortex	14-35	25	Manual	Pico Pure RNA isolation kit	T7 IVT	GPL1261	Okaty et al., 2009	19474331	TRUE	NA	G42	Gad1
GSM444360	24	S_g42_p25:v2_H48P25,v2_H53P25,v2_H55P25 : GSM444358, GSM444359, GSM444360	Neuron	NA	GabaPV	GabaPV	Gabaergic	FS Basket (G42)	NA	GabaPV	Gabaergic	TRUE	TRUE	GabaPV	GABAergic Interneurons, PV+, P25	Cortex	Somatosensory Cortex	14-35	25	Manual	Pico Pure RNA isolation kit	T7 IVT	GPL1261	Okaty et al., 2009	19474331	TRUE	NA	G42	Gad1
GSM444361	25	S_g42_rwt:v2_rhw38,v2_rhw54,v2_rhw60: GSM444361, GSM444362, GSM444363	Neuron	NA	NA	NA	NA	NA	NA	NA	NA	TRUE	TRUE	GabaPV	GABAergic Interneurons, PV+	Cortex	Motor Cortex	46-80	45	Manual	Pico Pure RNA isolation kit	T7 IVT	GPL1261	Okaty et al., 2009	19474331	TRUE	Same as Sugino 2014		
GSM444362	25	S_g42_rwt:v2_rhw38,v2_rhw54,v2_rhw60: GSM444361, GSM444362, GSM444363	Neuron	NA	NA	NA	NA	NA	NA	NA	NA	TRUE	TRUE	GabaPV	GABAergic Interneurons, PV+	Cortex	Motor Cortex	46-80	45	Manual	Pico Pure RNA isolation kit	T7 IVT	GPL1261	Okaty et al., 2009	19474331	TRUE	Same as Sugino 2014		
GSM444363	25	S_g42_rwt:v2_rhw38,v2_rhw54,v2_rhw60: GSM444361, GSM444362, GSM444363	Neuron	NA	NA	NA	NA	NA	NA	NA	NA	TRUE	TRUE	GabaPV	GABAergic Interneurons, PV+	Cortex	Motor Cortex	46-80	45	Manual	Pico Pure RNA isolation kit	T7 IVT	GPL1261	Okaty et al., 2009	19474331	TRUE	Same as Sugino 2014		
GSM741193	26	GSM741193, GSM741194, GSM741192	Glia	NA	Microglia	Microglia	Microglia	Microglia	NA	Microglia	Microglia	TRUE	TRUE	Microglia	Microglia	All	dunno	46-80	42	FACS	dunno	dunno	GPL1261	Anandasabapathy et al., 2011	21788405	TRUE	NA		
GSM741194	26	GSM741193, GSM741194, GSM741192	Glia	NA	Microglia	Microglia	Microglia	Microglia	NA	Microglia	Microglia	TRUE	TRUE	Microglia	Microglia	All	dunno	46-80	42	FACS	dunno	dunno	GPL1261	Anandasabapathy et al., 2011	21788405	TRUE	NA		
GSM741192	26	GSM741193, GSM741194, GSM741192	Glia	NA	Microglia	Microglia	Microglia	Microglia	NA	Microglia	Microglia	TRUE	TRUE	Microglia	Microglia	All	dunno	46-80	42	FACS	dunno	dunno	GPL1261	Anandasabapathy et al., 2011	21788405	TRUE	NA		
GSM465752	27	GSM465752,GSM465753	Glia	NA	Ependymal	Ependymal	Ependymal	Ependymal	NA	Ependymal	Ependymal	TRUE	TRUE	Ependymal	CD24+ (ependymal cell)	Ependymal	sub ependymal zone	46-80	56	FACS			GPL1261	Beckervordersandforth et al 2010	21112568	TRUE	NA		
GSM465753	27	GSM465752,GSM465753	Glia	NA	Ependymal	Ependymal	Ependymal	Ependymal	NA	Ependymal	Ependymal	TRUE	TRUE	Ependymal	CD24+ (ependymal cell)	Ependymal	sub ependymal zone	46-80	56	FACS			GPL1261	Beckervordersandforth et al 2010	21112568	TRUE	NA		
GSM281245	28	CHECK SAMPLES!!! MIGHT BE WRONGLY LABELED GSM281245,GSM281246,GSM281249	Neuron	NA	DentateGranule	DentateGranule	Glutamatergic	DentateGranule	NA	DentateGranule	DentateGranule	TRUE	TRUE	GranuleDentate	dentate gyrus granule cells	Hippocampus	hippocampus	46-80	49	LCM			GPL1261	Perrone-Bizzozero NI et al. 2011	22004431	TRUE	NA		
GSM281246	28	CHECK SAMPLES!!! MIGHT BE WRONGLY LABELED GSM281245,GSM281246,GSM281249	Neuron	NA	DentateGranule	DentateGranule	Glutamatergic	DentateGranule	NA	DentateGranule	DentateGranule	TRUE	TRUE	GranuleDentate	dentate gyrus granule cells	Hippocampus	hippocampus	46-80	49	LCM			GPL1261	Perrone-Bizzozero NI et al. 2011	22004431	TRUE	NA		
GSM281249	28	CHECK SAMPLES!!! MIGHT BE WRONGLY LABELED GSM281245,GSM281246,GSM281249	Neuron	NA	DentateGranule	DentateGranule	Glutamatergic	DentateGranule	NA	DentateGranule	DentateGranule	TRUE	TRUE	GranuleDentate	dentate gyrus granule cells	Hippocampus	hippocampus	46-80	49	LCM			GPL1261	Perrone-Bizzozero NI et al. 2011	22004431	TRUE	NA		
GSM1321391	29	GSM1321391,GSM1321398,GSM1321395	Neuron	NA	Spiny	Spiny	Gabaergic	Spiny	NA	Spiny	Spiny	TRUE	TRUE	SpinyDrd1	Drd1+ Medium Spiny Neurons	Striatum	Striatum	81-210	210	TRAP			GPL1261	Maze et al 2014	24584053	TRUE	NA		
GSM1321398	29	GSM1321391,GSM1321398,GSM1321395	Neuron	NA	Spiny	Spiny	Gabaergic	Spiny	NA	Spiny	Spiny	TRUE	TRUE	SpinyDrd1	Drd1+ Medium Spiny Neurons	Striatum	Striatum	81-210	210	TRAP			GPL1261	Maze et al 2014	24584053	TRUE	NA		
GSM1321395	29	GSM1321391,GSM1321398,GSM1321395	Neuron	NA	Spiny	Spiny	Gabaergic	Spiny	NA	Spiny	Spiny	TRUE	TRUE	SpinyDrd1	Drd1+ Medium Spiny Neurons	Striatum	Striatum	81-210	210	TRAP			GPL1261	Maze et al 2014	24584053	TRUE	NA		
GSM1329516	30	GSM1329516,GSM1329517,GSM1329521,GSM1329522,GSM1329523,GSM1329524,GSM1329527,GSM1329528,GSM1329529,GSM1329530	Neuron	NA	Spiny	Spiny	Gabaergic	Spiny	NA	Spiny	Spiny	TRUE	TRUE	SpinyDrd1	Drd1a+ Medium Spiny Neurons	Striatum	Striatum	46-80	80	TRAP			GPL1261	Heiman et al 2014	24599591	TRUE	NA		
GSM1329517	30	GSM1329516,GSM1329517,GSM1329521,GSM1329522,GSM1329523,GSM1329524,GSM1329527,GSM1329528,GSM1329529,GSM1329530	Neuron	NA	Spiny	Spiny	Gabaergic	Spiny	NA	Spiny	Spiny	TRUE	TRUE	SpinyDrd1	Drd1a+ Medium Spiny Neurons	Striatum	Striatum	46-80	80	TRAP			GPL1261	Heiman et al 2014	24599591	TRUE	NA		
GSM1329521	30	GSM1329516,GSM1329517,GSM1329521,GSM1329522,GSM1329523,GSM1329524,GSM1329527,GSM1329528,GSM1329529,GSM1329530	Neuron	NA	Spiny	Spiny	Gabaergic	Spiny	NA	Spiny	Spiny	TRUE	TRUE	SpinyDrd1	Drd1a+ Medium Spiny Neurons	Striatum	Striatum	46-80	80	TRAP			GPL1261	Heiman et al 2014	24599591	TRUE	NA		
GSM1329522	30	GSM1329516,GSM1329517,GSM1329521,GSM1329522,GSM1329523,GSM1329524,GSM1329527,GSM1329528,GSM1329529,GSM1329530	Neuron	NA	Spiny	Spiny	Gabaergic	Spiny	NA	Spiny	Spiny	TRUE	TRUE	SpinyDrd1	Drd1a+ Medium Spiny Neurons	Striatum	Striatum	46-80	80	TRAP			GPL1261	Heiman et al 2014	24599591	TRUE	NA		
GSM1329523	30	GSM1329516,GSM1329517,GSM1329521,GSM1329522,GSM1329523,GSM1329524,GSM1329527,GSM1329528,GSM1329529,GSM1329530	Neuron	NA	Spiny	Spiny	Gabaergic	Spiny	NA	Spiny	Spiny	TRUE	TRUE	SpinyDrd1	Drd1a+ Medium Spiny Neurons	Striatum	Striatum	46-80	80	TRAP			GPL1261	Heiman et al 2014	24599591	TRUE	NA		
GSM1329524	30	GSM1329516,GSM1329517,GSM1329521,GSM1329522,GSM1329523,GSM1329524,GSM1329527,GSM1329528,GSM1329529,GSM1329530	Neuron	NA	Spiny	Spiny	Gabaergic	Spiny	NA	Spiny	Spiny	TRUE	TRUE	SpinyDrd1	Drd1a+ Medium Spiny Neurons	Striatum	Striatum	46-80	80	TRAP			GPL1261	Heiman et al 2014	24599591	TRUE	NA		
GSM1329527	30	GSM1329516,GSM1329517,GSM1329521,GSM1329522,GSM1329523,GSM1329524,GSM1329527,GSM1329528,GSM1329529,GSM1329530	Neuron	NA	Spiny	Spiny	Gabaergic	Spiny	NA	Spiny	Spiny	TRUE	TRUE	SpinyDrd1	Drd1a+ Medium Spiny Neurons	Striatum	Striatum	46-80	80	TRAP			GPL1261	Heiman et al 2014	24599591	TRUE	NA		
GSM1329528	30	GSM1329516,GSM1329517,GSM1329521,GSM1329522,GSM1329523,GSM1329524,GSM1329527,GSM1329528,GSM1329529,GSM1329530	Neuron	NA	Spiny	Spiny	Gabaergic	Spiny	NA	Spiny	Spiny	TRUE	TRUE	SpinyDrd1	Drd1a+ Medium Spiny Neurons	Striatum	Striatum	46-80	80	TRAP			GPL1261	Heiman et al 2014	24599591	TRUE	NA		
GSM1329529	30	GSM1329516,GSM1329517,GSM1329521,GSM1329522,GSM1329523,GSM1329524,GSM1329527,GSM1329528,GSM1329529,GSM1329530	Neuron	NA	Spiny	Spiny	Gabaergic	Spiny	NA	Spiny	Spiny	TRUE	TRUE	SpinyDrd1	Drd1a+ Medium Spiny Neurons	Striatum	Striatum	46-80	80	TRAP			GPL1261	Heiman et al 2014	24599591	TRUE	NA		
GSM1329530	30	GSM1329516,GSM1329517,GSM1329521,GSM1329522,GSM1329523,GSM1329524,GSM1329527,GSM1329528,GSM1329529,GSM1329530	Neuron	NA	Spiny	Spiny	Gabaergic	Spiny	NA	Spiny	Spiny	TRUE	TRUE	SpinyDrd1	Drd1a+ Medium Spiny Neurons	Striatum	Striatum	46-80	80	TRAP			GPL1261	Heiman et al 2014	24599591	TRUE	NA		
GSM1185170	31	GSM1185170,GSM1185171,GSM1185172,GSM1185173,GSM1185174,GSM1185175,GSM1185176	Neuron	NA	Spiny	Spiny	Gabaergic	Spiny	NA	Spiny	Spiny	TRUE	TRUE	SpinyDrd1	Drd1a+ Medium Spiny Neurons	Striatum	Striatum	81-210	180	TRAP			GPL1261	Tan et al 2013	24311694	TRUE	NA		
GSM1185171	31	GSM1185170,GSM1185171,GSM1185172,GSM1185173,GSM1185174,GSM1185175,GSM1185176	Neuron	NA	Spiny	Spiny	Gabaergic	Spiny	NA	Spiny	Spiny	TRUE	TRUE	SpinyDrd1	Drd1a+ Medium Spiny Neurons	Striatum	Striatum	81-210	180	TRAP			GPL1261	Tan et al 2013	24311694	TRUE	NA		
GSM1185172	31	GSM1185170,GSM1185171,GSM1185172,GSM1185173,GSM1185174,GSM1185175,GSM1185176	Neuron	NA	Spiny	Spiny	Gabaergic	Spiny	NA	Spiny	Spiny	TRUE	TRUE	SpinyDrd1	Drd1a+ Medium Spiny Neurons	Striatum	Striatum	81-210	180	TRAP			GPL1261	Tan et al 2013	24311694	TRUE	NA		
GSM1185173	31	GSM1185170,GSM1185171,GSM1185172,GSM1185173,GSM1185174,GSM1185175,GSM1185176	Neuron	NA	Spiny	Spiny	Gabaergic	Spiny	NA	Spiny	Spiny	TRUE	TRUE	SpinyDrd1	Drd1a+ Medium Spiny Neurons	Striatum	Striatum	81-210	180	TRAP			GPL1261	Tan et al 2013	24311694	TRUE	NA		
GSM1185174	31	GSM1185170,GSM1185171,GSM1185172,GSM1185173,GSM1185174,GSM1185175,GSM1185176	Neuron	NA	Spiny	Spiny	Gabaergic	Spiny	NA	Spiny	Spiny	TRUE	TRUE	SpinyDrd1	Drd1a+ Medium Spiny Neurons	Striatum	Striatum	81-210	180	TRAP			GPL1261	Tan et al 2013	24311694	TRUE	NA		
GSM1185175	31	GSM1185170,GSM1185171,GSM1185172,GSM1185173,GSM1185174,GSM1185175,GSM1185176	Neuron	NA	Spiny	Spiny	Gabaergic	Spiny	NA	Spiny	Spiny	TRUE	TRUE	SpinyDrd1	Drd1a+ Medium Spiny Neurons	Striatum	Striatum	81-210	180	TRAP			GPL1261	Tan et al 2013	24311694	TRUE	NA		
GSM1185176	31	GSM1185170,GSM1185171,GSM1185172,GSM1185173,GSM1185174,GSM1185175,GSM1185176	Neuron	NA	Spiny	Spiny	Gabaergic	Spiny	NA	Spiny	Spiny	TRUE	TRUE	SpinyDrd1	Drd1a+ Medium Spiny Neurons	Striatum	Striatum	81-210	180	TRAP			GPL1261	Tan et al 2013	24311694	TRUE	NA		
GSM1329477	32	GSM1329477,GSM1329478,GSM1329479,GSM1329485,GSM1329486,GSM1329488,GSM1329489,GSM1329490,GSM1329491,GSM1329492	Neuron	NA	Spiny	Spiny	Gabaergic	Spiny	NA	Spiny	Spiny	TRUE	TRUE	SpinyDrd2	Drd2+ Medium Spiny Neurons	Striatum	Striatum	46-80	80	TRAP			GPL1261	Heiman et al 2014	24599591	TRUE	NA		
GSM1329478	32	GSM1329477,GSM1329478,GSM1329479,GSM1329485,GSM1329486,GSM1329488,GSM1329489,GSM1329490,GSM1329491,GSM1329492	Neuron	NA	Spiny	Spiny	Gabaergic	Spiny	NA	Spiny	Spiny	TRUE	TRUE	SpinyDrd2	Drd2+ Medium Spiny Neurons	Striatum	Striatum	46-80	80	TRAP			GPL1261	Heiman et al 2014	24599591	TRUE	NA		
GSM1329479	32	GSM1329477,GSM1329478,GSM1329479,GSM1329485,GSM1329486,GSM1329488,GSM1329489,GSM1329490,GSM1329491,GSM1329492	Neuron	NA	Spiny	Spiny	Gabaergic	Spiny	NA	Spiny	Spiny	TRUE	TRUE	SpinyDrd2	Drd2+ Medium Spiny Neurons	Striatum	Striatum	46-80	80	TRAP			GPL1261	Heiman et al 2014	24599591	TRUE	NA		
GSM1329485	32	GSM1329477,GSM1329478,GSM1329479,GSM1329485,GSM1329486,GSM1329488,GSM1329489,GSM1329490,GSM1329491,GSM1329492	Neuron	NA	Spiny	Spiny	Gabaergic	Spiny	NA	Spiny	Spiny	TRUE	TRUE	SpinyDrd2	Drd2+ Medium Spiny Neurons	Striatum	Striatum	46-80	80	TRAP			GPL1261	Heiman et al 2014	24599591	TRUE	NA		
GSM1329486	32	GSM1329477,GSM1329478,GSM1329479,GSM1329485,GSM1329486,GSM1329488,GSM1329489,GSM1329490,GSM1329491,GSM1329492	Neuron	NA	Spiny	Spiny	Gabaergic	Spiny	NA	Spiny	Spiny	TRUE	TRUE	SpinyDrd2	Drd2+ Medium Spiny Neurons	Striatum	Striatum	46-80	80	TRAP			GPL1261	Heiman et al 2014	24599591	TRUE	NA		
GSM1329488	32	GSM1329477,GSM1329478,GSM1329479,GSM1329485,GSM1329486,GSM1329488,GSM1329489,GSM1329490,GSM1329491,GSM1329492	Neuron	NA	Spiny	Spiny	Gabaergic	Spiny	NA	Spiny	Spiny	TRUE	TRUE	SpinyDrd2	Drd2+ Medium Spiny Neurons	Striatum	Striatum	46-80	80	TRAP			GPL1261	Heiman et al 2014	24599591	TRUE	NA		
GSM1329489	32	GSM1329477,GSM1329478,GSM1329479,GSM1329485,GSM1329486,GSM1329488,GSM1329489,GSM1329490,GSM1329491,GSM1329492	Neuron	NA	Spiny	Spiny	Gabaergic	Spiny	NA	Spiny	Spiny	TRUE	TRUE	SpinyDrd2	Drd2+ Medium Spiny Neurons	Striatum	Striatum	46-80	80	TRAP			GPL1261	Heiman et al 2014	24599591	TRUE	NA		
GSM1329490	32	GSM1329477,GSM1329478,GSM1329479,GSM1329485,GSM1329486,GSM1329488,GSM1329489,GSM1329490,GSM1329491,GSM1329492	Neuron	NA	Spiny	Spiny	Gabaergic	Spiny	NA	Spiny	Spiny	TRUE	TRUE	SpinyDrd2	Drd2+ Medium Spiny Neurons	Striatum	Striatum	46-80	80	TRAP			GPL1261	Heiman et al 2014	24599591	TRUE	NA		
GSM1329491	32	GSM1329477,GSM1329478,GSM1329479,GSM1329485,GSM1329486,GSM1329488,GSM1329489,GSM1329490,GSM1329491,GSM1329492	Neuron	NA	Spiny	Spiny	Gabaergic	Spiny	NA	Spiny	Spiny	TRUE	TRUE	SpinyDrd2	Drd2+ Medium Spiny Neurons	Striatum	Striatum	46-80	80	TRAP			GPL1261	Heiman et al 2014	24599591	TRUE	NA		
GSM1329492	32	GSM1329477,GSM1329478,GSM1329479,GSM1329485,GSM1329486,GSM1329488,GSM1329489,GSM1329490,GSM1329491,GSM1329492	Neuron	NA	Spiny	Spiny	Gabaergic	Spiny	NA	Spiny	Spiny	TRUE	TRUE	SpinyDrd2	Drd2+ Medium Spiny Neurons	Striatum	Striatum	46-80	80	TRAP			GPL1261	Heiman et al 2014	24599591	TRUE	NA		
GSM1321400	33	GSM1321400,GSM1321402,GSM1321405	Neuron	NA	Spiny	Spiny	Gabaergic	Spiny	NA	Spiny	Spiny	TRUE	TRUE	SpinyDrd2	Drd2+ Medium Spiny Neurons	Striatum	Striatum	81-210	105	TRAP			GPL1261	Maze et al 2014	24584053	TRUE	NA		
GSM1321402	33	GSM1321400,GSM1321402,GSM1321405	Neuron	NA	Spiny	Spiny	Gabaergic	Spiny	NA	Spiny	Spiny	TRUE	TRUE	SpinyDrd2	Drd2+ Medium Spiny Neurons	Striatum	Striatum	81-210	105	TRAP			GPL1261	Maze et al 2014	24584053	TRUE	NA		
GSM1321405	33	GSM1321400,GSM1321402,GSM1321405	Neuron	NA	Spiny	Spiny	Gabaergic	Spiny	NA	Spiny	Spiny	TRUE	TRUE	SpinyDrd2	Drd2+ Medium Spiny Neurons	Striatum	Striatum	81-210	105	TRAP			GPL1261	Maze et al 2014	24584053	TRUE	NA		
GSM874480	34	GSM874480,GSM874481,GSM874482	Neuron	Pyramidal_Glt_25d2	Pyramidal	Pyramidal_Glt_25d2	Pyramidal	Pyramidal_Glt_25d2	NA	Pyramidal	Pyramidal	TRUE	TRUE	Pyramidal_Glt_25d2	Glt25d2 positive pyramidal cells	Cortex	L5b corticopontine	46-80	60	TRAP			GPL1261	Schmidt et al 2012	22632977	TRUE	They look terrible but we kept them		
GSM874481	34	GSM874480,GSM874481,GSM874482	Neuron	Pyramidal_Glt_25d2	Pyramidal	Pyramidal_Glt_25d2	Pyramidal	Pyramidal_Glt_25d2	NA	Pyramidal	Pyramidal	TRUE	TRUE	Pyramidal_Glt_25d2	Glt25d2 positive pyramidal cells	Cortex	L5b corticopontine	46-80	60	TRAP			GPL1261	Schmidt et al 2012	22632977	TRUE	They look terrible but we kept them		
GSM874482	34	GSM874480,GSM874481,GSM874482	Neuron	Pyramidal_Glt_25d2	Pyramidal	Pyramidal_Glt_25d2	Pyramidal	Pyramidal_Glt_25d2	NA	Pyramidal	Pyramidal	TRUE	TRUE	Pyramidal_Glt_25d2	Glt25d2 positive pyramidal cells	Cortex	L5b corticopontine	46-80	60	TRAP			GPL1261	Schmidt et al 2012	22632977	TRUE	They look terrible but we kept them		
GSM465760	35	GSM465760,GSM465761	Neuron	NA	NA	NA	NA	NA	NA	NA	NA	TRUE	TRUE	Pyramidal_S100a10	hGFAP and Prominin 1+ (neural stem)	Ependymal	sub ependymal zone	46-80	56	FACS			GPL1261	Beckervordersandforth et al 2010	21112568	TRUE	NA		
GSM465761	35	GSM465760,GSM465761	Neuron	NA	NA	NA	NA	NA	NA	NA	NA	TRUE	TRUE	Pyramidal_S100a10	hGFAP and Prominin 1+ (neural stem)	Ependymal	sub ependymal zone	46-80	56	FACS			GPL1261	Beckervordersandforth et al 2010	21112568	TRUE	NA		
GSM465748	36	GSM465748,GSM465749,GSM465750,GSM465751	Glia	NA	NA	NA	NA	NA	NA	NA	NA	TRUE	TRUE	NA	hGFAP cells (astrocytes)	Thalamus,Cerebrum	diencephalon	46-80	56	FACS			GPL1261	Beckervordersandforth et al 2010	21112568	TRUE	NA		
GSM465749	36	GSM465748,GSM465749,GSM465750,GSM465751	Glia	NA	NA	NA	NA	NA	NA	NA	NA	TRUE	TRUE	NA	hGFAP cells (astrocytes)	Thalamus,Cerebrum	diencephalon	46-80	56	FACS			GPL1261	Beckervordersandforth et al 2010	21112568	TRUE	NA		
GSM465750	36	GSM465748,GSM465749,GSM465750,GSM465751	Glia	NA	NA	NA	NA	NA	NA	NA	NA	TRUE	TRUE	NA	hGFAP cells (astrocytes)	Thalamus,Cerebrum	diencephalon	46-80	56	FACS			GPL1261	Beckervordersandforth et al 2010	21112568	TRUE	NA		
GSM465751	36	GSM465748,GSM465749,GSM465750,GSM465751	Glia	NA	NA	NA	NA	NA	NA	NA	NA	TRUE	TRUE	NA	hGFAP cells (astrocytes)	Thalamus,Cerebrum	diencephalon	46-80	56	FACS			GPL1261	Beckervordersandforth et al 2010	21112568	TRUE	NA		
GSM465754	37	GSM465754,GSM465755	Neuron	NA	NA	NA	NA	NA	NA	NA	NA	TRUE	TRUE	Stem	hGFAP only (neural stem)	Ependymal	sub ependymal zone	46-80	56	FACS			GPL1261	Beckervordersandforth et al 2010	21112568	TRUE	NA		
GSM465755	37	GSM465754,GSM465755	Neuron	NA	NA	NA	NA	NA	NA	NA	NA	TRUE	TRUE	Stem	hGFAP only (neural stem)	Ependymal	sub ependymal zone	46-80	56	FACS			GPL1261	Beckervordersandforth et al 2010	21112568	TRUE	NA		
GSM947326	38	GSM947326,GSM947327,GSM947328,GSM947329	Neuron	NA	Hypocretinergic	Hypocretinergic	Hypocretinergic	Hypocretinergic	NA	Hypocretinergic	Hypocretinergic	TRUE	TRUE	Hypocretinergic	hypocretinergic neurons	Thalamus	thalamus and hypothalamus (basically lateral hypothalamus)	46-80	63	TRAP			GPL1261	Dalal et al 2013	23431030	TRUE	NA		
GSM947327	38	GSM947326,GSM947327,GSM947328,GSM947329	Neuron	NA	Hypocretinergic	Hypocretinergic	Hypocretinergic	Hypocretinergic	NA	Hypocretinergic	Hypocretinergic	TRUE	TRUE	Hypocretinergic	hypocretinergic neurons	Thalamus	thalamus and hypothalamus (basically lateral hypothalamus)	46-80	63	TRAP			GPL1261	Dalal et al 2013	23431030	TRUE	NA		
GSM947328	38	GSM947326,GSM947327,GSM947328,GSM947329	Neuron	NA	Hypocretinergic	Hypocretinergic	Hypocretinergic	Hypocretinergic	NA	Hypocretinergic	Hypocretinergic	TRUE	TRUE	Hypocretinergic	hypocretinergic neurons	Thalamus	thalamus and hypothalamus (basically lateral hypothalamus)	46-80	63	TRAP			GPL1261	Dalal et al 2013	23431030	TRUE	NA		
GSM947329	38	GSM947326,GSM947327,GSM947328,GSM947329	Neuron	NA	Hypocretinergic	Hypocretinergic	Hypocretinergic	Hypocretinergic	NA	Hypocretinergic	Hypocretinergic	TRUE	TRUE	Hypocretinergic	hypocretinergic neurons	Thalamus	thalamus and hypothalamus (basically lateral hypothalamus)	46-80	63	TRAP			GPL1261	Dalal et al 2013	23431030	TRUE	NA		
GSM742912	39	GSM742912,GSM742913,GSM742914	Glia	NA	Oligo	Oligo	Oligodendrocyte	Oligodendrocyte	NA	Oligo	Oligo	TRUE	TRUE	Olig2_positive	Olig2 positive cells	Cortex,Cerebrum	cortex	81-210	90	TRAP			GPL1261	Fomchenko et al 2011	21754979	TRUE	NA		
GSM742913	39	GSM742912,GSM742913,GSM742914	Glia	NA	Oligo	Oligo	Oligodendrocyte	Oligodendrocyte	NA	Oligo	Oligo	TRUE	TRUE	Olig2_positive	Olig2 positive cells	Cortex,Cerebrum	cortex	81-210	90	TRAP			GPL1261	Fomchenko et al 2011	21754979	TRUE	NA		
GSM742914	39	GSM742912,GSM742913,GSM742914	Glia	NA	Oligo	Oligo	Oligodendrocyte	Oligodendrocyte	NA	Oligo	Oligo	TRUE	TRUE	Olig2_positive	Olig2 positive cells	Cortex,Cerebrum	cortex	81-210	90	TRAP			GPL1261	Fomchenko et al 2011	21754979	TRUE	NA		
GSM1176624	40	Awake GSM1176624,GSM1176625,GSM1176626,GSM1176627,GSM1176628,GSM1176629	Glia	NA	Oligo	Oligo	Oligodendrocyte	Oligodendrocyte	NA	Oligo	Oligo	TRUE	TRUE	OligMix	Oligodendrocytes	Cerebellum	Cerebellum	46-80	66	TRAP			GPL1261	Bellesi et al 2013	24005282	TRUE	NA		
GSM1176625	40	Awake GSM1176624,GSM1176625,GSM1176626,GSM1176627,GSM1176628,GSM1176629	Glia	NA	Oligo	Oligo	Oligodendrocyte	Oligodendrocyte	NA	Oligo	Oligo	TRUE	TRUE	OligMix	Oligodendrocytes	Cerebellum	Cerebellum	46-80	66	TRAP			GPL1261	Bellesi et al 2013	24005282	TRUE	NA		
GSM1176626	40	Awake GSM1176624,GSM1176625,GSM1176626,GSM1176627,GSM1176628,GSM1176629	Glia	NA	Oligo	Oligo	Oligodendrocyte	Oligodendrocyte	NA	Oligo	Oligo	TRUE	TRUE	OligMix	Oligodendrocytes	Cerebellum	Cerebellum	46-80	66	TRAP			GPL1261	Bellesi et al 2013	24005282	TRUE	NA		
GSM1176627	40	Awake GSM1176624,GSM1176625,GSM1176626,GSM1176627,GSM1176628,GSM1176629	Glia	NA	Oligo	Oligo	Oligodendrocyte	Oligodendrocyte	NA	Oligo	Oligo	TRUE	TRUE	OligMix	Oligodendrocytes	Cerebellum	Cerebellum	46-80	66	TRAP			GPL1261	Bellesi et al 2013	24005282	TRUE	NA		
GSM1176628	40	Awake GSM1176624,GSM1176625,GSM1176626,GSM1176627,GSM1176628,GSM1176629	Glia	NA	Oligo	Oligo	Oligodendrocyte	Oligodendrocyte	NA	Oligo	Oligo	TRUE	TRUE	OligMix	Oligodendrocytes	Cerebellum	Cerebellum	46-80	66	TRAP			GPL1261	Bellesi et al 2013	24005282	TRUE	NA		
GSM1176629	40	Awake GSM1176624,GSM1176625,GSM1176626,GSM1176627,GSM1176628,GSM1176629	Glia	NA	Oligo	Oligo	Oligodendrocyte	Oligodendrocyte	NA	Oligo	Oligo	TRUE	TRUE	OligMix	Oligodendrocytes	Cerebellum	Cerebellum	46-80	66	TRAP			GPL1261	Bellesi et al 2013	24005282	TRUE	NA		
GSM465756	41	GSM465756,GSM465757,GSM465758,GSM465759	Neuron	NA	NA	NA	NA	NA	NA	NA	NA	TRUE	TRUE	Stem	Prominin 1+ only (neural stem cells)	Ependymal	sub ependymal zone	46-80	56	FACS			GPL1261	Beckervordersandforth et al 2010	21112568	TRUE	NA		
GSM465757	41	GSM465756,GSM465757,GSM465758,GSM465759	Neuron	NA	NA	NA	NA	NA	NA	NA	NA	TRUE	TRUE	Stem	Prominin 1+ only (neural stem cells)	Ependymal	sub ependymal zone	46-80	56	FACS			GPL1261	Beckervordersandforth et al 2010	21112568	TRUE	NA		
GSM465758	41	GSM465756,GSM465757,GSM465758,GSM465759	Neuron	NA	NA	NA	NA	NA	NA	NA	NA	TRUE	TRUE	Stem	Prominin 1+ only (neural stem cells)	Ependymal	sub ependymal zone	46-80	56	FACS			GPL1261	Beckervordersandforth et al 2010	21112568	TRUE	NA		
GSM465759	41	GSM465756,GSM465757,GSM465758,GSM465759	Neuron	NA	NA	NA	NA	NA	NA	NA	NA	TRUE	TRUE	Stem	Prominin 1+ only (neural stem cells)	Ependymal	sub ependymal zone	46-80	56	FACS			GPL1261	Beckervordersandforth et al 2010	21112568	TRUE	NA		
GSM909419	42	GSM909419,GSM909420,GSM909421	Neuron	NA	Purkinje	Purkinje	Gabaergic	Purkinje	NA	Purkinje	Purkinje	TRUE	TRUE	Purkinje	Purkinje Cells	Cerebellum	Cerebellum	14-35	14	Manual	Arcturus PicoPure	MessageAmp II aRNA amplification	GPL1261	Paul et al 2012	22754500	TRUE	NA		
GSM909420	42	GSM909419,GSM909420,GSM909421	Neuron	NA	Purkinje	Purkinje	Gabaergic	Purkinje	NA	Purkinje	Purkinje	TRUE	TRUE	Purkinje	Purkinje Cells	Cerebellum	Cerebellum	14-35	14	Manual	Arcturus PicoPure	MessageAmp II aRNA amplification	GPL1261	Paul et al 2012	22754500	TRUE	NA		
GSM909421	42	GSM909419,GSM909420,GSM909421	Neuron	NA	Purkinje	Purkinje	Gabaergic	Purkinje	NA	Purkinje	Purkinje	TRUE	TRUE	Purkinje	Purkinje Cells	Cerebellum	Cerebellum	14-35	14	Manual	Arcturus PicoPure	MessageAmp II aRNA amplification	GPL1261	Paul et al 2012	22754500	TRUE	NA		
GSM909422	43	GSM909422,GSM909423,GSM909424,GSM909425	Neuron	NA	Purkinje	Purkinje	Gabaergic	Purkinje	NA	Purkinje	Purkinje	TRUE	TRUE	Purkinje	Purkinje Cells	Cerebellum	Cerebellum	14-35	21	Manual	Arcturus PicoPure	MessageAmp II aRNA amplification	GPL1261	Paul et al 2012	22754500	TRUE	NA		
GSM909423	43	GSM909422,GSM909423,GSM909424,GSM909425	Neuron	NA	Purkinje	Purkinje	Gabaergic	Purkinje	NA	Purkinje	Purkinje	TRUE	TRUE	Purkinje	Purkinje Cells	Cerebellum	Cerebellum	14-35	21	Manual	Arcturus PicoPure	MessageAmp II aRNA amplification	GPL1261	Paul et al 2012	22754500	TRUE	NA		
GSM909424	43	GSM909422,GSM909423,GSM909424,GSM909425	Neuron	NA	Purkinje	Purkinje	Gabaergic	Purkinje	NA	Purkinje	Purkinje	TRUE	TRUE	Purkinje	Purkinje Cells	Cerebellum	Cerebellum	14-35	21	Manual	Arcturus PicoPure	MessageAmp II aRNA amplification	GPL1261	Paul et al 2012	22754500	TRUE	NA		
GSM909425	43	GSM909422,GSM909423,GSM909424,GSM909425	Neuron	NA	Purkinje	Purkinje	Gabaergic	Purkinje	NA	Purkinje	Purkinje	TRUE	TRUE	Purkinje	Purkinje Cells	Cerebellum	Cerebellum	14-35	21	Manual	Arcturus PicoPure	MessageAmp II aRNA amplification	GPL1261	Paul et al 2012	22754500	TRUE	NA		
GSM909426	44	GSM909426,GSM909427,GSM909428,GSM909429	Neuron	NA	Purkinje	Purkinje	Gabaergic	Purkinje	NA	Purkinje	Purkinje	TRUE	TRUE	Purkinje	Purkinje Cells	Cerebellum	Cerebellum	14-35	28	Manual	Arcturus PicoPure	MessageAmp II aRNA amplification	GPL1261	Paul et al 2012	22754500	TRUE	NA		
GSM909427	44	GSM909426,GSM909427,GSM909428,GSM909429	Neuron	NA	Purkinje	Purkinje	Gabaergic	Purkinje	NA	Purkinje	Purkinje	TRUE	TRUE	Purkinje	Purkinje Cells	Cerebellum	Cerebellum	14-35	28	Manual	Arcturus PicoPure	MessageAmp II aRNA amplification	GPL1261	Paul et al 2012	22754500	TRUE	NA		
GSM909428	44	GSM909426,GSM909427,GSM909428,GSM909429	Neuron	NA	Purkinje	Purkinje	Gabaergic	Purkinje	NA	Purkinje	Purkinje	TRUE	TRUE	Purkinje	Purkinje Cells	Cerebellum	Cerebellum	14-35	28	Manual	Arcturus PicoPure	MessageAmp II aRNA amplification	GPL1261	Paul et al 2012	22754500	TRUE	NA		
GSM909429	44	GSM909426,GSM909427,GSM909428,GSM909429	Neuron	NA	Purkinje	Purkinje	Gabaergic	Purkinje	NA	Purkinje	Purkinje	TRUE	TRUE	Purkinje	Purkinje Cells	Cerebellum	Cerebellum	14-35	28	Manual	Arcturus PicoPure	MessageAmp II aRNA amplification	GPL1261	Paul et al 2012	22754500	TRUE	NA		
GSM909430	45	GSM909430,GSM909431,GSM909432,GSM909433	Neuron	NA	Purkinje	Purkinje	Gabaergic	Purkinje	NA	Purkinje	Purkinje	TRUE	TRUE	Purkinje	Purkinje Cells	Cerebellum	Cerebellum	14-35	35	Manual	Arcturus PicoPure	MessageAmp II aRNA amplification	GPL1261	Paul et al 2012	22754500	TRUE	NA		
GSM909431	45	GSM909430,GSM909431,GSM909432,GSM909433	Neuron	NA	Purkinje	Purkinje	Gabaergic	Purkinje	NA	Purkinje	Purkinje	TRUE	TRUE	Purkinje	Purkinje Cells	Cerebellum	Cerebellum	14-35	35	Manual	Arcturus PicoPure	MessageAmp II aRNA amplification	GPL1261	Paul et al 2012	22754500	TRUE	NA		
GSM909432	45	GSM909430,GSM909431,GSM909432,GSM909433	Neuron	NA	Purkinje	Purkinje	Gabaergic	Purkinje	NA	Purkinje	Purkinje	TRUE	TRUE	Purkinje	Purkinje Cells	Cerebellum	Cerebellum	14-35	35	Manual	Arcturus PicoPure	MessageAmp II aRNA amplification	GPL1261	Paul et al 2012	22754500	TRUE	NA		
GSM909433	45	GSM909430,GSM909431,GSM909432,GSM909433	Neuron	NA	Purkinje	Purkinje	Gabaergic	Purkinje	NA	Purkinje	Purkinje	TRUE	TRUE	Purkinje	Purkinje Cells	Cerebellum	Cerebellum	14-35	35	Manual	Arcturus PicoPure	MessageAmp II aRNA amplification	GPL1261	Paul et al 2012	22754500	TRUE	NA		
GSM909434	46	GSM909434,GSM909435,GSM909436,GSM909437	Neuron	NA	Purkinje	Purkinje	Gabaergic	Purkinje	NA	Purkinje	Purkinje	TRUE	TRUE	Purkinje	Purkinje Cells	Cerebellum	Cerebellum	46-80	56	Manual	Arcturus PicoPure	MessageAmp II aRNA amplification	GPL1261	Paul et al 2012	22754500	TRUE	NA		
GSM909435	46	GSM909434,GSM909435,GSM909436,GSM909437	Neuron	NA	Purkinje	Purkinje	Gabaergic	Purkinje	NA	Purkinje	Purkinje	TRUE	TRUE	Purkinje	Purkinje Cells	Cerebellum	Cerebellum	46-80	56	Manual	Arcturus PicoPure	MessageAmp II aRNA amplification	GPL1261	Paul et al 2012	22754500	TRUE	NA		
GSM909436	46	GSM909434,GSM909435,GSM909436,GSM909437	Neuron	NA	Purkinje	Purkinje	Gabaergic	Purkinje	NA	Purkinje	Purkinje	TRUE	TRUE	Purkinje	Purkinje Cells	Cerebellum	Cerebellum	46-80	56	Manual	Arcturus PicoPure	MessageAmp II aRNA amplification	GPL1261	Paul et al 2012	22754500	TRUE	NA		
GSM909437	46	GSM909434,GSM909435,GSM909436,GSM909437	Neuron	NA	Purkinje	Purkinje	Gabaergic	Purkinje	NA	Purkinje	Purkinje	TRUE	TRUE	Purkinje	Purkinje Cells	Cerebellum	Cerebellum	46-80	56	Manual	Arcturus PicoPure	MessageAmp II aRNA amplification	GPL1261	Paul et al 2012	22754500	TRUE	NA		
GSM1373408	47	GSM1373408,GSM1373409,GSM1373410	Neuron	NA	Purkinje	Purkinje	Gabaergic	Purkinje	NA	Purkinje	Purkinje	TRUE	TRUE	Purkinje	Purkinje Cells	Cerebellum	Cerebellum	14-35	28	TRAP			GPL1261	Galloway et al 2014	24986919	TRUE	NA		
GSM1373409	47	GSM1373408,GSM1373409,GSM1373410	Neuron	NA	Purkinje	Purkinje	Gabaergic	Purkinje	NA	Purkinje	Purkinje	TRUE	TRUE	Purkinje	Purkinje Cells	Cerebellum	Cerebellum	14-35	28	TRAP			GPL1261	Galloway et al 2014	24986919	TRUE	NA		
GSM1373410	47	GSM1373408,GSM1373409,GSM1373410	Neuron	NA	Purkinje	Purkinje	Gabaergic	Purkinje	NA	Purkinje	Purkinje	TRUE	TRUE	Purkinje	Purkinje Cells	Cerebellum	Cerebellum	14-35	28	TRAP			GPL1261	Galloway et al 2014	24986919	TRUE	NA		
GSM1373414	48	GSM1373414,GSM1373415,GSM1373416	Neuron	NA	Purkinje	Purkinje	Gabaergic	Purkinje	NA	Purkinje	Purkinje	TRUE	TRUE	Purkinje	Purkinje Cells	Cerebellum	Cerebellum	46-80	56	TRAP			GPL1261	Galloway et al 2014	24986919	TRUE	NA		
GSM1373415	48	GSM1373414,GSM1373415,GSM1373416	Neuron	NA	Purkinje	Purkinje	Gabaergic	Purkinje	NA	Purkinje	Purkinje	TRUE	TRUE	Purkinje	Purkinje Cells	Cerebellum	Cerebellum	46-80	56	TRAP			GPL1261	Galloway et al 2014	24986919	TRUE	NA		
GSM1373416	48	GSM1373414,GSM1373415,GSM1373416	Neuron	NA	Purkinje	Purkinje	Gabaergic	Purkinje	NA	Purkinje	Purkinje	TRUE	TRUE	Purkinje	Purkinje Cells	Cerebellum	Cerebellum	46-80	56	TRAP			GPL1261	Galloway et al 2014	24986919	TRUE	NA		
GSM1373399	49	GSM1373399,GSM1373400,GSM1373401	Neuron	NA	Purkinje	Purkinje	Gabaergic	Purkinje	NA	Purkinje	Purkinje	TRUE	TRUE	Purkinje	Purkinje Cells	Cerebellum	Cerebellum	81-210	84	TRAP			GPL1261	Galloway et al 2014	24986919	TRUE	NA		
GSM1373400	49	GSM1373399,GSM1373400,GSM1373401	Neuron	NA	Purkinje	Purkinje	Gabaergic	Purkinje	NA	Purkinje	Purkinje	TRUE	TRUE	Purkinje	Purkinje Cells	Cerebellum	Cerebellum	81-210	84	TRAP			GPL1261	Galloway et al 2014	24986919	TRUE	NA		
GSM1373401	49	GSM1373399,GSM1373400,GSM1373401	Neuron	NA	Purkinje	Purkinje	Gabaergic	Purkinje	NA	Purkinje	Purkinje	TRUE	TRUE	Purkinje	Purkinje Cells	Cerebellum	Cerebellum	81-210	84	TRAP			GPL1261	Galloway et al 2014	24986919	TRUE	NA		
GSM874416	50	GSM874416,GSM874418,GSM874420	Neuron	Pyramidal_S100a10	Pyramidal	Pyramidal_S100a10	Pyramidal	Pyramidal_S100a10	NA	Pyramidal	Pyramidal	TRUE	TRUE	Pyramidal_S100a10	S100a10 positive pyramidal cells	Cortex	L5a corticostriatal	46-80	60	TRAP			GPL1261	Schmidt et al 2012	22632977	TRUE	They look terrible but we kept them		
GSM874418	50	GSM874416,GSM874418,GSM874420	Neuron	Pyramidal_S100a10	Pyramidal	Pyramidal_S100a10	Pyramidal	Pyramidal_S100a10	NA	Pyramidal	Pyramidal	TRUE	TRUE	Pyramidal_S100a10	S100a10 positive pyramidal cells	Cortex	L5a corticostriatal	46-80	60	TRAP			GPL1261	Schmidt et al 2012	22632977	TRUE	They look terrible but we kept them		
GSM874420	50	GSM874416,GSM874418,GSM874420	Neuron	Pyramidal_S100a10	Pyramidal	Pyramidal_S100a10	Pyramidal	Pyramidal_S100a10	NA	Pyramidal	Pyramidal	TRUE	TRUE	Pyramidal_S100a10	S100a10 positive pyramidal cells	Cortex	L5a corticostriatal	46-80	60	TRAP			GPL1261	Schmidt et al 2012	22632977	TRUE	They look terrible but we kept them		
GSM880683	51	GSM880683,GSM880684,GSM880685	Neuron	NA	Serotonergic	Serotonergic	Monoamine	Serotonergic	NA	Serotonergic	Serotonergic	TRUE	TRUE	Serotonergic	Serotonergic Neurons	Midbrain,Brainstem	Midbrain and brainstem	46-80	63	TRAP			GPL1261	Dougherty et al 2013	23407934	TRUE	NA		
GSM880684	51	GSM880683,GSM880684,GSM880685	Neuron	NA	Serotonergic	Serotonergic	Monoamine	Serotonergic	NA	Serotonergic	Serotonergic	TRUE	TRUE	Serotonergic	Serotonergic Neurons	Midbrain,Brainstem	Midbrain and brainstem	46-80	63	TRAP			GPL1261	Dougherty et al 2013	23407934	TRUE	NA		
GSM880685	51	GSM880683,GSM880684,GSM880685	Neuron	NA	Serotonergic	Serotonergic	Monoamine	Serotonergic	NA	Serotonergic	Serotonergic	TRUE	TRUE	Serotonergic	Serotonergic Neurons	Midbrain,Brainstem	Midbrain and brainstem	46-80	63	TRAP			GPL1261	Dougherty et al 2013	23407934	TRUE	NA		
GSM909438	52	GSM909438,GSM909439,GSM909440,GSM909441	Neuron	NA	Basket	Basket	Gabaergic	Basket	NA	Basket	Basket	TRUE	TRUE	Basket	Stellate Basket Cells	Cerebellum	Cerebellum	14-35	14	Manual	Arcturus PicoPure	MessageAmp II aRNA amplification	GPL1261	Paul et al 2012	22754500	TRUE	NA		
GSM909439	52	GSM909438,GSM909439,GSM909440,GSM909441	Neuron	NA	Basket	Basket	Gabaergic	Basket	NA	Basket	Basket	TRUE	TRUE	Basket	Stellate Basket Cells	Cerebellum	Cerebellum	14-35	14	Manual	Arcturus PicoPure	MessageAmp II aRNA amplification	GPL1261	Paul et al 2012	22754500	TRUE	NA		
GSM909440	52	GSM909438,GSM909439,GSM909440,GSM909441	Neuron	NA	Basket	Basket	Gabaergic	Basket	NA	Basket	Basket	TRUE	TRUE	Basket	Stellate Basket Cells	Cerebellum	Cerebellum	14-35	14	Manual	Arcturus PicoPure	MessageAmp II aRNA amplification	GPL1261	Paul et al 2012	22754500	TRUE	NA		
GSM909441	52	GSM909438,GSM909439,GSM909440,GSM909441	Neuron	NA	Basket	Basket	Gabaergic	Basket	NA	Basket	Basket	TRUE	TRUE	Basket	Stellate Basket Cells	Cerebellum	Cerebellum	14-35	14	Manual	Arcturus PicoPure	MessageAmp II aRNA amplification	GPL1261	Paul et al 2012	22754500	TRUE	NA		
GSM909442	53	GSM909442,GSM909443,GSM909444	Neuron	NA	Basket	Basket	Gabaergic	Basket	NA	Basket	Basket	TRUE	TRUE	Basket	Stellate Basket Cells	Cerebellum	Cerebellum	14-35	21	Manual	Arcturus PicoPure	MessageAmp II aRNA amplification	GPL1261	Paul et al 2012	22754500	TRUE	NA		
GSM909443	53	GSM909442,GSM909443,GSM909444	Neuron	NA	Basket	Basket	Gabaergic	Basket	NA	Basket	Basket	TRUE	TRUE	Basket	Stellate Basket Cells	Cerebellum	Cerebellum	14-35	21	Manual	Arcturus PicoPure	MessageAmp II aRNA amplification	GPL1261	Paul et al 2012	22754500	TRUE	NA		
GSM909444	53	GSM909442,GSM909443,GSM909444	Neuron	NA	Basket	Basket	Gabaergic	Basket	NA	Basket	Basket	TRUE	TRUE	Basket	Stellate Basket Cells	Cerebellum	Cerebellum	14-35	21	Manual	Arcturus PicoPure	MessageAmp II aRNA amplification	GPL1261	Paul et al 2012	22754500	TRUE	NA		
GSM909445	54	GSM909445,GSM909446,GSM909447,GSM909448	Neuron	NA	Basket	Basket	Gabaergic	Basket	NA	Basket	Basket	TRUE	TRUE	Basket	Stellate Basket Cells	Cerebellum	Cerebellum	14-35	28	Manual	Arcturus PicoPure	MessageAmp II aRNA amplification	GPL1261	Paul et al 2012	22754500	TRUE	NA		
GSM909446	54	GSM909445,GSM909446,GSM909447,GSM909448	Neuron	NA	Basket	Basket	Gabaergic	Basket	NA	Basket	Basket	TRUE	TRUE	Basket	Stellate Basket Cells	Cerebellum	Cerebellum	14-35	28	Manual	Arcturus PicoPure	MessageAmp II aRNA amplification	GPL1261	Paul et al 2012	22754500	TRUE	NA		
GSM909447	54	GSM909445,GSM909446,GSM909447,GSM909448	Neuron	NA	Basket	Basket	Gabaergic	Basket	NA	Basket	Basket	TRUE	TRUE	Basket	Stellate Basket Cells	Cerebellum	Cerebellum	14-35	28	Manual	Arcturus PicoPure	MessageAmp II aRNA amplification	GPL1261	Paul et al 2012	22754500	TRUE	NA		
GSM909448	54	GSM909445,GSM909446,GSM909447,GSM909448	Neuron	NA	Basket	Basket	Gabaergic	Basket	NA	Basket	Basket	TRUE	TRUE	Basket	Stellate Basket Cells	Cerebellum	Cerebellum	14-35	28	Manual	Arcturus PicoPure	MessageAmp II aRNA amplification	GPL1261	Paul et al 2012	22754500	TRUE	NA		
GSM909449	55	GSM909449,GSM909450,GSM909451	Neuron	NA	Basket	Basket	Gabaergic	Basket	NA	Basket	Basket	TRUE	TRUE	Basket	Stellate Basket Cells	Cerebellum	Cerebellum	14-35	35	Manual	Arcturus PicoPure	MessageAmp II aRNA amplification	GPL1261	Paul et al 2012	22754500	TRUE	NA		
GSM909450	55	GSM909449,GSM909450,GSM909451	Neuron	NA	Basket	Basket	Gabaergic	Basket	NA	Basket	Basket	TRUE	TRUE	Basket	Stellate Basket Cells	Cerebellum	Cerebellum	14-35	35	Manual	Arcturus PicoPure	MessageAmp II aRNA amplification	GPL1261	Paul et al 2012	22754500	TRUE	NA		
GSM909451	55	GSM909449,GSM909450,GSM909451	Neuron	NA	Basket	Basket	Gabaergic	Basket	NA	Basket	Basket	TRUE	TRUE	Basket	Stellate Basket Cells	Cerebellum	Cerebellum	14-35	35	Manual	Arcturus PicoPure	MessageAmp II aRNA amplification	GPL1261	Paul et al 2012	22754500	TRUE	NA		
GSM909452	56	GSM909452,GSM909453,GSM909454	Neuron	NA	NA	NA	NA	NA	NA	NA	Basket	TRUE	TRUE	Basket	Stellate Basket Cells	Cerebellum	Cerebellum	46-80	56	Manual	Arcturus PicoPure	MessageAmp II aRNA amplification	GPL1261	Paul et al 2012	22754500	TRUE	Purkinje cells They are everywhere		
GSM909453	56	GSM909452,GSM909453,GSM909454	Neuron	NA	NA	NA	NA	NA	NA	NA	Basket	TRUE	TRUE	Basket	Stellate Basket Cells	Cerebellum	Cerebellum	46-80	56	Manual	Arcturus PicoPure	MessageAmp II aRNA amplification	GPL1261	Paul et al 2012	22754500	TRUE	Purkinje cells They are everywhere		
GSM909454	56	GSM909452,GSM909453,GSM909454	Neuron	NA	NA	NA	NA	NA	NA	NA	Basket	TRUE	TRUE	Basket	Stellate Basket Cells	Cerebellum	Cerebellum	46-80	56	Manual	Arcturus PicoPure	MessageAmp II aRNA amplification	GPL1261	Paul et al 2012	22754500	TRUE	Purkinje cells They are everywhere		
GSM866327	57	GSM866327,GSM866328,GSM866329,GSM866330	Glia	NA	Astrocyte	Astrocyte	Astrocyte	Astrocyte	NA	Astrocyte	Astrocyte	TRUE	TRUE	Astrocyte	Astrocyte	Cortex,Cerebrum	Cortex	30-35	33	FACS			GPL1261	Zamanian et al 2012	22553043	TRUE	NA		
GSM866328	57	GSM866327,GSM866328,GSM866329,GSM866330	Glia	NA	Astrocyte	Astrocyte	Astrocyte	Astrocyte	NA	Astrocyte	Astrocyte	TRUE	TRUE	Astrocyte	Astrocyte	Cortex,Cerebrum	Cortex	30-35	33	FACS			GPL1261	Zamanian et al 2012	22553043	TRUE	NA		
GSM866329	57	GSM866327,GSM866328,GSM866329,GSM866330	Glia	NA	Astrocyte	Astrocyte	Astrocyte	Astrocyte	NA	Astrocyte	Astrocyte	TRUE	TRUE	Astrocyte	Astrocyte	Cortex,Cerebrum	Cortex	30-35	33	FACS			GPL1261	Zamanian et al 2012	22553043	TRUE	NA		
GSM866330	57	GSM866327,GSM866328,GSM866329,GSM866330	Glia	NA	Astrocyte	Astrocyte	Astrocyte	Astrocyte	NA	Astrocyte	Astrocyte	TRUE	TRUE	Astrocyte	Astrocyte	Cortex,Cerebrum	Cortex	30-35	33	FACS			GPL1261	Zamanian et al 2012	22553043	TRUE	NA		
GSM1057734	58	GSM1057734,GSM1057735,GSM1057736	Neuron	NA	Cholin	Cholin	Cholinergic	Cholinergic	NA	Cholin	Cholin	TRUE	TRUE	Cholin	Cholin	Midbrain	Midbrain Habenula	42-84	63	TRAP			GPL1261	G??rlich et al 2013	24082085	TRUE	NA		
GSM1057735	58	GSM1057734,GSM1057735,GSM1057736	Neuron	NA	Cholin	Cholin	Cholinergic	Cholinergic	NA	Cholin	Cholin	TRUE	TRUE	Cholin	Cholin	Midbrain	Midbrain Habenula	42-84	63	TRAP			GPL1261	G??rlich et al 2013	24082085	TRUE	NA		
GSM1057736	58	GSM1057734,GSM1057735,GSM1057736	Neuron	NA	Cholin	Cholin	Cholinergic	Cholinergic	NA	Cholin	Cholin	TRUE	TRUE	Cholin	Cholin	Midbrain	Midbrain Habenula	42-84	63	TRAP			GPL1261	G??rlich et al 2013	24082085	TRUE	NA		
GSM1372757	59	GSM1372757,GSM1372758,GSM1372759	Neuron	NA	NA	NA	Gabaergic	GabaOxtr	NA	NA	NA	TRUE	TRUE	GabaOxtr	Oxtr cells, cortex	Cortex	Cortex	46-80	Adult	TRAP			GPL1261	Nakanima et. Al 2014	25303526	TRUE	Looks suspiciously pyramidal		
GSM1372758	59	GSM1372757,GSM1372758,GSM1372759	Neuron	NA	NA	NA	Gabaergic	GabaOxtr	NA	NA	NA	TRUE	TRUE	GabaOxtr	Oxtr cells, cortex	Cortex	Cortex	46-80	Adult	TRAP			GPL1261	Nakanima et. Al 2014	25303526	TRUE	Looks suspiciously pyramidal		
GSM1372759	59	GSM1372757,GSM1372758,GSM1372759	Neuron	NA	NA	NA	Gabaergic	GabaOxtr	NA	NA	NA	TRUE	TRUE	GabaOxtr	Oxtr cells, cortex	Cortex	Cortex	46-80	Adult	TRAP			GPL1261	Nakanima et. Al 2014	25303526	TRUE	Looks suspiciously pyramidal		
GSM1372754	60	GSM1372754,GSM1372755,GSM1372756	Neuron	NA	NA	NA	Gabaergic	GabaHtr3a	NA	NA	NA	TRUE	TRUE	GabaHtr3a	Htr3a cells, cortex	Cortex	Cortex	46-80	Adult	TRAP			GPL1261	Nakanima et. Al 2014	25303526	TRUE	Need to check where they fit		
GSM1372755	60	GSM1372754,GSM1372755,GSM1372756	Neuron	NA	NA	NA	Gabaergic	GabaHtr3a	NA	NA	NA	TRUE	TRUE	GabaHtr3a	Htr3a cells, cortex	Cortex	Cortex	46-80	Adult	TRAP			GPL1261	Nakanima et. Al 2014	25303526	TRUE	Need to check where they fit		
GSM1372756	60	GSM1372754,GSM1372755,GSM1372756	Neuron	NA	NA	NA	Gabaergic	GabaHtr3a	NA	NA	NA	TRUE	TRUE	GabaHtr3a	Htr3a cells, cortex	Cortex	Cortex	46-80	Adult	TRAP			GPL1261	Nakanima et. Al 2014	25303526	TRUE	Need to check where they fit		
GSM442559	61	A_corticospinal_P14:GSM442559,GSM442560	Neuron	PyramidalMC	Pyramidal	NA	NA	NA	NA	Pyramidal	Pyramidal	TRUE	FALSE	PyramidalCorticospineMC	Pyramidal Neurons, Corticospinal, P14	Cortex	L5 MC	14-35	14	FACS			GPL1261	Molyneaux et al., 2009	19793993	TRUE	New replicates of old samples, consider them later GSM442560 is an outlier. Check quality, repeat of GSE2039		
GSM442560	61	A_corticospinal_P14:GSM442559,GSM442560	Neuron	PyramidalMC	Pyramidal	NA	NA	NA	NA	Pyramidal	Pyramidal	TRUE	FALSE	PyramidalCorticospineMC	Pyramidal Neurons, Corticospinal, P14	Cortex	L5 MC	14-35	14	FACS			GPL1261	Molyneaux et al., 2009	19793993	TRUE	New replicates of old samples, consider them later GSM442560 is an outlier. Check quality, repeat of GSE2039		
GSM442561	62	A_corticotecal_P14:GSM442561,GSM442562	Neuron	PyramidaCorticotectalVC	Pyramidal	NA	NA	NA	NA	Pyramidal	Pyramidal	TRUE	FALSE	PyramidaCorticotectalVC	Pyramidal Neurons, Corticotectal, P14	Cortex	L5 VC	14-35	14	FACS			GPL1261	Molyneaux et al., 2009	19793993	TRUE	New replicates of old samples, consider them later, repeat of GSE2039		
GSM442562	62	A_corticotecal_P14:GSM442561,GSM442562	Neuron	PyramidaCorticotectalVC	Pyramidal	NA	NA	NA	NA	Pyramidal	Pyramidal	TRUE	FALSE	PyramidaCorticotectalVC	Pyramidal Neurons, Corticotectal, P14	Cortex	L5 VC	14-35	14	FACS			GPL1261	Molyneaux et al., 2009	19793993	TRUE	New replicates of old samples, consider them later, repeat of GSE2039		
GSM874512	63	GSM874512, GSM874514,GSM874516	Neuron	NA	NA	NA	NA	NA	NA	NA	NA	TRUE	TRUE	Pyramidal_S100a10_veh	S100a10 pyramidal VEH Treated	Cortex	Cortex	46-80	60	TRAP			GPL1261	Schmidt et al 2012	22632977	TRUE	Added to check. Not to use for gene selection		
GSM874514	63	GSM874512, GSM874514,GSM874516	Neuron	NA	NA	NA	NA	NA	NA	NA	NA	TRUE	TRUE	Pyramidal_S100a10_veh	S100a10 pyramidal VEH Treated	Cortex	Cortex	46-80	60	TRAP			GPL1261	Schmidt et al 2012	22632977	TRUE	Added to check. Not to use for gene selection		
GSM874516	63	GSM874512, GSM874514,GSM874516	Neuron	NA	NA	NA	NA	NA	NA	NA	NA	TRUE	TRUE	Pyramidal_S100a10_veh	S100a10 pyramidal VEH Treated	Cortex	Cortex	46-80	60	TRAP			GPL1261	Schmidt et al 2012	22632977	TRUE	Added to check. Not to use for gene selection		
GSM874527	64	GSM874527,GSM874529,GSM874531	Neuron	NA	NA	NA	NA	NA	NA	NA	NA	TRUE	TRUE	Pyramidal_Glt25d2_flx	Glt25d2 pyramidal VEH Treated	Cortex	Cortex	46-80	60	TRAP			GPL1261	Schmidt et al 2012	22632977	TRUE	Added to check. Not to use for gene selection		
GSM874529	64	GSM874527,GSM874529,GSM874531	Neuron	NA	NA	NA	NA	NA	NA	NA	NA	TRUE	TRUE	Pyramidal_Glt25d2_flx	Glt25d2 pyramidal VEH Treated	Cortex	Cortex	46-80	60	TRAP			GPL1261	Schmidt et al 2012	22632977	TRUE	Added to check. Not to use for gene selection		
GSM874531	64	GSM874527,GSM874529,GSM874531	Neuron	NA	NA	NA	NA	NA	NA	NA	NA	TRUE	TRUE	Pyramidal_Glt25d2_flx	Glt25d2 pyramidal VEH Treated	Cortex	Cortex	46-80	60	TRAP			GPL1261	Schmidt et al 2012	22632977	TRUE	Added to check. Not to use for gene selection		
GSM874511	65	GSM874511,GSM874513,GSM874515	Neuron	NA	NA	NA	NA	NA	NA	NA	NA	TRUE	TRUE	Pyramidal_S100a10_flx	S100a10 pyramidal FLX Treated	Cortex	Cortex	46-80	60	TRAP			GPL1261	Schmidt et al 2012	22632977	TRUE	Added to check. Not to use for gene selection		
GSM874513	65	GSM874511,GSM874513,GSM874515	Neuron	NA	NA	NA	NA	NA	NA	NA	NA	TRUE	TRUE	Pyramidal_S100a10_flx	S100a10 pyramidal FLX Treated	Cortex	Cortex	46-80	60	TRAP			GPL1261	Schmidt et al 2012	22632977	TRUE	Added to check. Not to use for gene selection		
GSM874515	65	GSM874511,GSM874513,GSM874515	Neuron	NA	NA	NA	NA	NA	NA	NA	NA	TRUE	TRUE	Pyramidal_S100a10_flx	S100a10 pyramidal FLX Treated	Cortex	Cortex	46-80	60	TRAP			GPL1261	Schmidt et al 2012	22632977	TRUE	Added to check. Not to use for gene selection		
GSM874526	66	GSM874526,GSM874528,GSM874530	Neuron	NA	NA	NA	NA	NA	NA	NA	NA	TRUE	TRUE	Pyramidal_Glt25d2_flx	Glt25d2 pyramidal FLX Treated	Cortex	Cortex	46-80	60	TRAP			GPL1261	Schmidt et al 2012	22632977	TRUE	Added to check. Not to use for gene selection		
GSM874528	66	GSM874526,GSM874528,GSM874530	Neuron	NA	NA	NA	NA	NA	NA	NA	NA	TRUE	TRUE	Pyramidal_Glt25d2_flx	Glt25d2 pyramidal FLX Treated	Cortex	Cortex	46-80	60	TRAP			GPL1261	Schmidt et al 2012	22632977	TRUE	Added to check. Not to use for gene selection		
GSM874530	66	GSM874526,GSM874528,GSM874530	Neuron	NA	NA	NA	NA	NA	NA	NA	NA	TRUE	TRUE	Pyramidal_Glt25d2_flx	Glt25d2 pyramidal FLX Treated	Cortex	Cortex	46-80	60	TRAP			GPL1261	Schmidt et al 2012	22632977	TRUE	Added to check. Not to use for gene selection		
GSM215865	67	GSM215865,GSM215866,GSM215867	Neuron	Layer5Pyra	Pyramidal	Layer5Pyra	Pyramidal	Layer5Pyra	NA	Pyramidal	Pyramidal	TRUE	FALSE	PyramidalLayer5	Pyramidal L5 thick tufted	Cortex	L5 MC (thick tufted)		38	Manual			GPL1261	Sugino et al. 2014	25232122	TRUE	Somehow they are same with Sugino unpublished S_yrt_wt:v2_yrt2-wt,v2_yrt2-wt1,v2_yrt3-wt,v2_yrt6-wt		
GSM215866	67	GSM215865,GSM215866,GSM215867	Neuron	Layer5Pyra	Pyramidal	Layer5Pyra	Pyramidal	Layer5Pyra	NA	Pyramidal	Pyramidal	TRUE	FALSE	PyramidalLayer5	Pyramidal L5 thick tufted	Cortex	L5 MC (thick tufted)		38	Manual			GPL1261	Sugino et al. 2014	25232122	TRUE	Somehow they are same with Sugino unpublished S_yrt_wt:v2_yrt2-wt,v2_yrt2-wt1,v2_yrt3-wt,v2_yrt6-wt		
GSM215867	67	GSM215865,GSM215866,GSM215867	Neuron	Layer5Pyra	Pyramidal	Layer5Pyra	Pyramidal	Layer5Pyra	NA	Pyramidal	Pyramidal	TRUE	FALSE	PyramidalLayer5	Pyramidal L5 thick tufted	Cortex	L5 MC (thick tufted)		38	Manual			GPL1261	Sugino et al. 2014	25232122	TRUE	Somehow they are same with Sugino unpublished S_yrt_wt:v2_yrt2-wt,v2_yrt2-wt1,v2_yrt3-wt,v2_yrt6-wt		
GSM215857	68	GSM215857,GSM215858,GSM215859,GSM215860	Neuron	NA	GabaPV	GabaPV	Gabaergic	FS Basket (G42)	NA	GabaPV	Gabaergic	TRUE	TRUE	GabaPV	GabaPV from G42 line	Cortex	Motor cortex		38	Manual			GPL1261	Sugino et al. 2014	25232122	TRUE	Same as Okaty 2009.	G42	Gad1
GSM215858	68	GSM215857,GSM215858,GSM215859,GSM215860	Neuron	NA	GabaPV	GabaPV	Gabaergic	FS Basket (G42)	NA	GabaPV	Gabaergic	TRUE	TRUE	GabaPV	GabaPV from G42 line	Cortex	Motor cortex		38	Manual			GPL1261	Sugino et al. 2014	25232122	TRUE	Same as Okaty 2009.	G42	Gad1
GSM215859	68	GSM215857,GSM215858,GSM215859,GSM215860	Neuron	NA	GabaPV	GabaPV	Gabaergic	FS Basket (G42)	NA	GabaPV	Gabaergic	TRUE	TRUE	GabaPV	GabaPV from G42 line	Cortex	Motor cortex		38	Manual			GPL1261	Sugino et al. 2014	25232122	TRUE	Same as Okaty 2009.	G42	Gad1
GSM215860	68	GSM215857,GSM215858,GSM215859,GSM215860	Neuron	NA	GabaPV	GabaPV	Gabaergic	FS Basket (G42)	NA	GabaPV	Gabaergic	TRUE	TRUE	GabaPV	GabaPV from G42 line	Cortex	Motor cortex		38	Manual			GPL1261	Sugino et al. 2014	25232122	TRUE	Same as Okaty 2009.	G42	Gad1
GSM215871	69	GSM215871,GSM215872,GSM215873	Neuron	NA	Th_positive_LC	Th_positive_LC	Noradrenergic	Th_positive_LC	NA	Th_positive_LC	Th_positive_LC	TRUE	TRUE	Th_positive_LC	Tyrosine Hydroxylase Expressing	LocusCereuleus	LocusCereuleus		39	Manual			GPL1261	Sugino et al. 2014	25232122	TRUE			
GSM215872	69	GSM215871,GSM215872,GSM215873	Neuron	NA	Th_positive_LC	Th_positive_LC	Noradrenergic	Th_positive_LC	NA	Th_positive_LC	Th_positive_LC	TRUE	TRUE	Th_positive_LC	Tyrosine Hydroxylase Expressing	LocusCereuleus	LocusCereuleus		39	Manual			GPL1261	Sugino et al. 2014	25232122	TRUE			
GSM215873	69	GSM215871,GSM215872,GSM215873	Neuron	NA	Th_positive_LC	Th_positive_LC	Noradrenergic	Th_positive_LC	NA	Th_positive_LC	Th_positive_LC	TRUE	TRUE	Th_positive_LC	Tyrosine Hydroxylase Expressing	LocusCereuleus	LocusCereuleus		39	Manual			GPL1261	Sugino et al. 2014	25232122	TRUE			
GSM444379	70	GSM444379,GSM444380,GSM444381	Neuron	NA	Purkinje	Purkinje	Gabaergic	Purkinje	NA	Purkinje	Purkinje	TRUE	TRUE	Purkinje	Purkinje Cells from G42	Cerebellum	Cerebellum		38	Manual			GPL1261	Sugino et al. 2014	25232122	TRUE			
GSM444380	70	GSM444379,GSM444380,GSM444381	Neuron	NA	Purkinje	Purkinje	Gabaergic	Purkinje	NA	Purkinje	Purkinje	TRUE	TRUE	Purkinje	Purkinje Cells from G42	Cerebellum	Cerebellum		38	Manual			GPL1261	Sugino et al. 2014	25232122	TRUE			
GSM444381	70	GSM444379,GSM444380,GSM444381	Neuron	NA	Purkinje	Purkinje	Gabaergic	Purkinje	NA	Purkinje	Purkinje	TRUE	TRUE	Purkinje	Purkinje Cells from G42	Cerebellum	Cerebellum		38	Manual			GPL1261	Sugino et al. 2014	25232122	TRUE			
GSM1464137	71	GSM1464137,GSM1464138,GSM1464139	Neuron	NA	Th_positive_LC	Th_positive_LC	Noradrenergic	Th_positive_LC	NA	Th_positive_LC	Th_positive_LC	TRUE	TRUE	Th_positive_LC	Tyrosine Hydroxylase Expressing young	LocusCereuleus	LocusCereuleus		23	Manual			GPL1261	Sugino et al. 2014	25232122	TRUE			
GSM1464138	71	GSM1464137,GSM1464138,GSM1464139	Neuron	NA	Th_positive_LC	Th_positive_LC	Noradrenergic	Th_positive_LC	NA	Th_positive_LC	Th_positive_LC	TRUE	TRUE	Th_positive_LC	Tyrosine Hydroxylase Expressing young	LocusCereuleus	LocusCereuleus		23	Manual			GPL1261	Sugino et al. 2014	25232122	TRUE			
GSM1464139	71	GSM1464137,GSM1464138,GSM1464139	Neuron	NA	Th_positive_LC	Th_positive_LC	Noradrenergic	Th_positive_LC	NA	Th_positive_LC	Th_positive_LC	TRUE	TRUE	Th_positive_LC	Tyrosine Hydroxylase Expressing young	LocusCereuleus	LocusCereuleus		23	Manual			GPL1261	Sugino et al. 2014	25232122	TRUE			
GSM437382	72	GSM437382,GSM437383,GSM437384	Neuron	NA	Dopaminergic	Dopaminergic	Monoamine	Dopaminergic	NA	Dopaminergic	Dopaminergic	TRUE	TRUE	A9Dopaminergic	A9 Dopaminergic Neurons	Midbrain	Substantia Nigra		Adult	LCM			GPL1261	Phani et al. 2015	20462502	TRUE			
GSM437383	72	GSM437382,GSM437383,GSM437384	Neuron	NA	Dopaminergic	Dopaminergic	Monoamine	Dopaminergic	NA	Dopaminergic	Dopaminergic	TRUE	TRUE	A9Dopaminergic	A9 Dopaminergic Neurons	Midbrain	Substantia Nigra		Adult	LCM			GPL1261	Phani et al. 2015	20462502	TRUE			
GSM437384	72	GSM437382,GSM437383,GSM437384	Neuron	NA	Dopaminergic	Dopaminergic	Monoamine	Dopaminergic	NA	Dopaminergic	Dopaminergic	TRUE	TRUE	A9Dopaminergic	A9 Dopaminergic Neurons	Midbrain	Substantia Nigra		Adult	LCM			GPL1261	Phani et al. 2015	20462502	TRUE			
GSM437391	73	GSM437391,GSM437392,GSM437393	Neuron	NA	Dopaminergic	Dopaminergic	Monoamine	Dopaminergic	NA	Dopaminergic	Dopaminergic	TRUE	TRUE	A10Dopaminergic	A10 Dopaminergic Neurons	Midbrain	ventral midbrain tagmentum		Adult	LCM			GPL1261	Phani et al. 2015	20462502	TRUE			
GSM437392	73	GSM437391,GSM437392,GSM437393	Neuron	NA	Dopaminergic	Dopaminergic	Monoamine	Dopaminergic	NA	Dopaminergic	Dopaminergic	TRUE	TRUE	A10Dopaminergic	A10 Dopaminergic Neurons	Midbrain	ventral midbrain tagmentum		Adult	LCM			GPL1261	Phani et al. 2015	20462502	TRUE			
GSM437393	73	GSM437391,GSM437392,GSM437393	Neuron	NA	Dopaminergic	Dopaminergic	Monoamine	Dopaminergic	NA	Dopaminergic	Dopaminergic	TRUE	TRUE	A10Dopaminergic	A10 Dopaminergic Neurons	Midbrain	ventral midbrain tagmentum		Adult	LCM			GPL1261	Phani et al. 2015	20462502	TRUE			
GSM1698217	74	GSM1698217,GSM1698218,GSM1698219	Neuron	NA	NA	NA	NA	NA	NA	NA	Pyramidal	TRUE	TRUE	Ntf3 pyramidal	Ntf3 pyramidal	Cortex		56-70	63	TRAP			GPL1261	Shrestha et al. 2015	26371510	TRUE	shreejoy wanted them		
GSM1698218	74	GSM1698217,GSM1698218,GSM1698219	Neuron	NA	NA	NA	NA	NA	NA	NA	Pyramidal	TRUE	TRUE	Ntf3 pyramidal	Ntf3 pyramidal	Cortex		56-70	63	TRAP			GPL1261	Shrestha et al. 2015	26371510	TRUE	shreejoy wanted them		
GSM1698219	74	GSM1698217,GSM1698218,GSM1698219	Neuron	NA	NA	NA	NA	NA	NA	NA	Pyramidal	TRUE	TRUE	Ntf3 pyramidal	Ntf3 pyramidal	Cortex		56-70	63	TRAP			GPL1261	Shrestha et al. 2015	26371510	TRUE	shreejoy wanted them		
GSM1698225	75	GSM1698225,GSM1698226,GSM1698227	Neuron	NA	NA	NA	NA	NA	NA	NA	Gabaergic	TRUE	TRUE	Ntsr1 pyramidal	Ntsr1 pyramidal	Cortex		56-70	63	TRAP			GPL1261	Shrestha et al. 2015	26371510	TRUE	shreejoy wanted them		
GSM1698226	75	GSM1698225,GSM1698226,GSM1698227	Neuron	NA	NA	NA	NA	NA	NA	NA	Gabaergic	TRUE	TRUE	Ntsr1 pyramidal	Ntsr1 pyramidal	Cortex		56-70	63	TRAP			GPL1261	Shrestha et al. 2015	26371510	TRUE	shreejoy wanted them		
GSM1698227	75	GSM1698225,GSM1698226,GSM1698227	Neuron	NA	NA	NA	NA	NA	NA	NA	Gabaergic	TRUE	TRUE	Ntsr1 pyramidal	Ntsr1 pyramidal	Cortex		56-70	63	TRAP			GPL1261	Shrestha et al. 2015	26371510	TRUE	shreejoy wanted them		
GSM1698228	76	GSM1698228,GSM1698229,GSM1698230	Neuron	NA	NA	NA	NA	NA	NA	NA	Gabaergic	TRUE	TRUE	Dlx1 gabaergic	Dlx1 gabaergic	Cortex		56-70	63	TRAP			GPL1261	Shrestha et al. 2015	26371510	TRUE	shreejoy wanted them		
GSM1698229	76	GSM1698228,GSM1698229,GSM1698230	Neuron	NA	NA	NA	NA	NA	NA	NA	Gabaergic	TRUE	TRUE	Dlx1 gabaergic	Dlx1 gabaergic	Cortex		56-70	63	TRAP			GPL1261	Shrestha et al. 2015	26371510	TRUE	shreejoy wanted them		
GSM1698230	76	GSM1698228,GSM1698229,GSM1698230	Neuron	NA	NA	NA	NA	NA	NA	NA	Gabaergic	TRUE	TRUE	Dlx1 gabaergic	Dlx1 gabaergic	Cortex		56-70	63	TRAP			GPL1261	Shrestha et al. 2015	26371510	TRUE	shreejoy wanted them		
GSM1698231	77	GSM1698231,GSM1698232,GSM1698233	Neuron	NA	NA	NA	NA	NA	NA	NA	Gabaergic	TRUE	TRUE	Nek7 Gabaergic	Nek7 Gabaergic	Cortex		56-70	63	TRAP			GPL1261	Shrestha et al. 2015	26371510	TRUE	shreejoy wanted them		
GSM1698232	77	GSM1698231,GSM1698232,GSM1698233	Neuron	NA	NA	NA	NA	NA	NA	NA	Gabaergic	TRUE	TRUE	Nek7 Gabaergic	Nek7 Gabaergic	Cortex		56-70	63	TRAP			GPL1261	Shrestha et al. 2015	26371510	TRUE	shreejoy wanted them		
GSM1698233	77	GSM1698231,GSM1698232,GSM1698233	Neuron	NA	NA	NA	NA	NA	NA	NA	Gabaergic	TRUE	TRUE	Nek7 Gabaergic	Nek7 Gabaergic	Cortex		56-70	63	TRAP			GPL1261	Shrestha et al. 2015	26371510	TRUE	shreejoy wanted them		
GSM1698237	78	GSM1698237,GSM1698238,GSM1698239	Glia	NA	NA	NA	NA	NA	NA	NA	Oligo	TRUE	TRUE	Olig2 oligo	Olig2 oligo	Cortex		56-70	63	TRAP			GPL1261	Shrestha et al. 2015	26371510	TRUE	shreejoy wanted them		
GSM1698238	78	GSM1698237,GSM1698238,GSM1698239	Glia	NA	NA	NA	NA	NA	NA	NA	Oligo	TRUE	TRUE	Olig2 oligo	Olig2 oligo	Cortex		56-70	63	TRAP			GPL1261	Shrestha et al. 2015	26371510	TRUE	shreejoy wanted them		
GSM1698239	78	GSM1698237,GSM1698238,GSM1698239	Glia	NA	NA	NA	NA	NA	NA	NA	Oligo	TRUE	TRUE	Olig2 oligo	Olig2 oligo	Cortex		56-70	63	TRAP			GPL1261	Shrestha et al. 2015	26371510	TRUE	shreejoy wanted them		
GSM1698234	79	GSM1698234,GSM1698235,GSM1698236	Glia	NA	NA	NA	NA	NA	NA	NA	Astrocyte	TRUE	TRUE	Aldh1l1 astrocyte	Aldh1l1 astrocyte	Cortex		56-70	63	TRAP			GPL1261	Shrestha et al. 2015	26371510	TRUE	shreejoy wanted them		
GSM1698235	79	GSM1698234,GSM1698235,GSM1698236	Glia	NA	NA	NA	NA	NA	NA	NA	Astrocyte	TRUE	TRUE	Aldh1l1 astrocyte	Aldh1l1 astrocyte	Cortex		56-70	63	TRAP			GPL1261	Shrestha et al. 2015	26371510	TRUE	shreejoy wanted them		
GSM1698236	79	GSM1698234,GSM1698235,GSM1698236	Glia	NA	NA	NA	NA	NA	NA	NA	Astrocyte	TRUE	TRUE	Aldh1l1 astrocyte	Aldh1l1 astrocyte	Cortex		56-70	63	TRAP			GPL1261	Shrestha et al. 2015	26371510	TRUE	shreejoy wanted them		
GSM1698222	80	GSM1698222,GSM1698223,GSM1698224	Neuron	NA	NA	NA	NA	NA	NA	NA	Pyramidal	TRUE	TRUE	S100a10 pyramidal	S100a10 pyramidal	Cortex		56-70	63	TRAP			GPL1261	Shrestha et al. 2015	26371510	TRUE	shreejoy wanted them		
GSM1698223	80	GSM1698222,GSM1698223,GSM1698224	Neuron	NA	NA	NA	NA	NA	NA	NA	Pyramidal	TRUE	TRUE	S100a10 pyramidal	S100a10 pyramidal	Cortex		56-70	63	TRAP			GPL1261	Shrestha et al. 2015	26371510	TRUE	shreejoy wanted them		
GSM1698224	80	GSM1698222,GSM1698223,GSM1698224	Neuron	NA	NA	NA	NA	NA	NA	NA	Pyramidal	TRUE	TRUE	S100a10 pyramidal	S100a10 pyramidal	Cortex		56-70	63	TRAP			GPL1261	Shrestha et al. 2015	26371510	TRUE	shreejoy wanted them		
GSM1698220	81	GSM1698220,GSM1698221	Neuron	NA	NA	NA	NA	NA	NA	NA	Pyramidal	TRUE	TRUE	Glt25d2 pyramidal	Glt25d2 pyramidal	Cortex		56-70	63	TRAP			GPL1261	Shrestha et al. 2015	26371510	TRUE	shreejoy wanted them		
GSM1698221	81	GSM1698220,GSM1698221	Neuron	NA	NA	NA	NA	NA	NA	NA	Pyramidal	TRUE	TRUE	Glt25d2 pyramidal	Glt25d2 pyramidal	Cortex		56-70	63	TRAP			GPL1261	Shrestha et al. 2015	26371510	TRUE	shreejoy wanted them		
